ft_id,account_id,period_id,tax_type_cd,ft_type_cd,amount,currency_cd,ft_date,status
FT0000001,ACCT0001,PER202410,CIT,BILL,450308.97,KES,2024-10-01,FROZEN
FT0000002,ACCT0001,PER202410,CIT,PAY,-292134.96,KES,2024-10-05,FROZEN
FT0000003,ACCT0001,PER202404,CIT,BILL,118906.79,KES,2024-04-01,FROZEN
FT0000004,ACCT0001,PER202404,CIT,PAY,-64518.33,KES,2024-05-11,FROZEN
FT0000005,ACCT0001,PER202404,CIT,PEN,6746.78,KES,2024-05-21,FROZEN
FT0000006,ACCT0001,PER202404,CIT,ADJ,-4032.64,KES,2024-04-30,FROZEN
FT0000007,ACCT0001,PER202302,CIT,BILL,259507.28,KES,2023-02-01,FROZEN
FT0000008,ACCT0001,PER202302,CIT,PAY,-205334.8,KES,2023-03-07,FROZEN
FT0000009,ACCT0001,PER202302,CIT,PEN,37252.64,KES,2023-03-21,FROZEN
FT0000010,ACCT0001,PER202301,CIT,BILL,238972.16,KES,2023-01-01,FROZEN
FT0000011,ACCT0001,PER202308,CIT,BILL,52980.75,KES,2023-08-01,FROZEN
FT0000012,ACCT0001,PER202308,CIT,PAY,-39955.28,KES,2023-08-30,FROZEN
FT0000013,ACCT0001,PER202308,CIT,ADJ,1626.04,KES,2023-08-31,FROZEN
FT0000014,ACCT0001,PER202409,CIT,BILL,324858.98,KES,2024-09-01,FROZEN
FT0000015,ACCT0001,PER202409,CIT,PAY,-304369.52,KES,2024-09-07,FROZEN
FT0000016,ACCT0001,PER202310,CIT,BILL,227063.71,KES,2023-10-01,FROZEN
FT0000017,ACCT0001,PER202310,CIT,PAY,-151480.35,KES,2023-10-16,FROZEN
FT0000018,ACCT0001,PER202310,CIT,ADJ,13988.13,KES,2023-10-31,FROZEN
FT0000019,ACCT0001,PER202309,CIT,BILL,428703.61,KES,2023-09-01,FROZEN
FT0000020,ACCT0001,PER202309,CIT,PAY,-382097.93,KES,2023-10-05,FROZEN
FT0000021,ACCT0001,PER202212,CIT,BILL,463551.66,KES,2022-12-01,FROZEN
FT0000022,ACCT0001,PER202212,CIT,PEN,45689.56,KES,2023-01-21,FROZEN
FT0000023,ACCT0001,PER202303,CIT,BILL,203514.94,KES,2023-03-01,FROZEN
FT0000024,ACCT0001,PER202303,CIT,PAY,-148033.48,KES,2023-03-25,FROZEN
FT0000025,ACCT0002,PER202307,VAT,BILL,160234.38,KES,2023-07-01,FROZEN
FT0000026,ACCT0002,PER202307,VAT,PAY,-125955.94,KES,2023-08-03,FROZEN
FT0000027,ACCT0002,PER202307,VAT,PEN,23406.7,KES,2023-08-21,FROZEN
FT0000028,ACCT0002,PER202307,VAT,ADJ,-10068.33,KES,2023-07-31,FROZEN
FT0000029,ACCT0002,PER202404,VAT,BILL,299542.38,KES,2024-04-01,FROZEN
FT0000030,ACCT0002,PER202404,VAT,PAY,-192043.31,KES,2024-04-08,FROZEN
FT0000031,ACCT0002,PER202408,VAT,BILL,291564.93,KES,2024-08-01,FROZEN
FT0000032,ACCT0002,PER202408,VAT,PAY,-160124.56,KES,2024-09-12,FROZEN
FT0000033,ACCT0002,PER202210,VAT,BILL,467679.6,KES,2022-10-01,FROZEN
FT0000034,ACCT0002,PER202210,VAT,PAY,-434808.78,KES,2022-10-16,FROZEN
FT0000035,ACCT0002,PER202301,VAT,BILL,324522.89,KES,2023-01-01,FROZEN
FT0000036,ACCT0002,PER202301,VAT,PAY,-343154.07,KES,2023-01-05,FROZEN
FT0000037,ACCT0002,PER202301,VAT,PEN,36384.18,KES,2023-02-21,FROZEN
FT0000038,ACCT0002,PER202409,VAT,BILL,54490.72,KES,2024-09-01,FROZEN
FT0000039,ACCT0002,PER202409,VAT,PAY,-43784.97,KES,2024-09-09,FROZEN
FT0000040,ACCT0002,PER202207,VAT,BILL,440238.77,KES,2022-07-01,FROZEN
FT0000041,ACCT0002,PER202207,VAT,PAY,-261787.15,KES,2022-08-04,FROZEN
FT0000042,ACCT0002,PER202202,VAT,BILL,493680.37,KES,2022-02-01,FROZEN
FT0000043,ACCT0002,PER202202,VAT,PAY,-249157.45,KES,2022-03-08,FROZEN
FT0000044,ACCT0002,PER202412,VAT,BILL,469770.35,KES,2024-12-01,FROZEN
FT0000045,ACCT0002,PER202412,VAT,PAY,-267420.16,KES,2024-12-07,FROZEN
FT0000046,ACCT0002,PER202312,VAT,BILL,144469.35,KES,2023-12-01,FROZEN
FT0000047,ACCT0002,PER202312,VAT,PAY,-101956.09,KES,2024-01-13,FROZEN
FT0000048,ACCT0002,PER202306,VAT,BILL,246823.27,KES,2023-06-01,FROZEN
FT0000049,ACCT0002,PER202306,VAT,ADJ,-3772.66,KES,2023-06-30,FROZEN
FT0000050,ACCT0002,PER202405,VAT,BILL,141956.71,KES,2024-05-01,FROZEN
FT0000051,ACCT0002,PER202405,VAT,PAY,-136657.68,KES,2024-06-10,FROZEN
FT0000052,ACCT0002,PER202403,VAT,BILL,223708.58,KES,2024-03-01,FROZEN
FT0000053,ACCT0003,PER202210,CIT,BILL,180070.92,KES,2022-10-01,FROZEN
FT0000054,ACCT0003,PER202210,CIT,PAY,-184541.65,KES,2022-11-09,FROZEN
FT0000055,ACCT0003,PER202411,CIT,BILL,122184.98,KES,2024-11-01,FROZEN
FT0000056,ACCT0003,PER202411,CIT,PAY,-119733.0,KES,2024-11-12,FROZEN
FT0000057,ACCT0003,PER202411,CIT,ADJ,5780.93,KES,2024-11-30,FROZEN
FT0000058,ACCT0003,PER202203,CIT,BILL,169431.81,KES,2022-03-01,FROZEN
FT0000059,ACCT0003,PER202312,CIT,BILL,406320.91,KES,2023-12-01,FROZEN
FT0000060,ACCT0003,PER202312,CIT,PAY,-395116.49,KES,2023-12-07,FROZEN
FT0000061,ACCT0003,PER202312,CIT,ADJ,-2381.85,KES,2023-12-31,FROZEN
FT0000062,ACCT0003,PER202412,CIT,BILL,103788.55,KES,2024-12-01,FROZEN
FT0000063,ACCT0003,PER202302,CIT,BILL,436304.9,KES,2023-02-01,FROZEN
FT0000064,ACCT0003,PER202302,CIT,PAY,-390937.88,KES,2023-02-26,FROZEN
FT0000065,ACCT0003,PER202205,CIT,BILL,483610.11,KES,2022-05-01,FROZEN
FT0000066,ACCT0003,PER202205,CIT,PAY,-427941.29,KES,2022-05-26,FROZEN
FT0000067,ACCT0003,PER202202,CIT,BILL,168919.18,KES,2022-02-01,FROZEN
FT0000068,ACCT0003,PER202202,CIT,PAY,-173348.76,KES,2022-02-17,FROZEN
FT0000069,ACCT0003,PER202202,CIT,PEN,24705.01,KES,2022-03-21,FROZEN
FT0000070,ACCT0003,PER202408,CIT,BILL,58659.26,KES,2024-08-01,FROZEN
FT0000071,ACCT0003,PER202408,CIT,PAY,-54971.18,KES,2024-08-21,FROZEN
FT0000072,ACCT0003,PER202212,CIT,BILL,62244.66,KES,2022-12-01,FROZEN
FT0000073,ACCT0003,PER202212,CIT,PEN,3388.52,KES,2023-01-21,FROZEN
FT0000074,ACCT0003,PER202402,CIT,BILL,262360.57,KES,2024-02-01,FROZEN
FT0000075,ACCT0003,PER202405,CIT,BILL,369833.66,KES,2024-05-01,FROZEN
FT0000076,ACCT0003,PER202405,CIT,PAY,-280621.81,KES,2024-06-12,FROZEN
FT0000077,ACCT0003,PER202403,CIT,BILL,333376.8,KES,2024-03-01,FROZEN
FT0000078,ACCT0003,PER202403,CIT,PAY,-346721.24,KES,2024-04-02,FROZEN
FT0000079,ACCT0003,PER202207,CIT,BILL,204188.19,KES,2022-07-01,FROZEN
FT0000080,ACCT0003,PER202207,CIT,PAY,-117688.49,KES,2022-07-27,FROZEN
FT0000081,ACCT0003,PER202310,CIT,BILL,375326.61,KES,2023-10-01,FROZEN
FT0000082,ACCT0003,PER202310,CIT,PAY,-315823.51,KES,2023-10-26,FROZEN
FT0000083,ACCT0003,PER202310,CIT,ADJ,-15995.39,KES,2023-10-31,FROZEN
FT0000084,ACCT0003,PER202208,CIT,BILL,217794.63,KES,2022-08-01,FROZEN
FT0000085,ACCT0003,PER202208,CIT,PAY,-194452.14,KES,2022-08-30,FROZEN
FT0000086,ACCT0003,PER202204,CIT,BILL,258031.13,KES,2022-04-01,FROZEN
FT0000087,ACCT0004,PER202206,VAT,BILL,492048.33,KES,2022-06-01,FROZEN
FT0000088,ACCT0004,PER202206,VAT,PAY,-472904.5,KES,2022-06-30,FROZEN
FT0000089,ACCT0004,PER202307,VAT,BILL,101245.44,KES,2023-07-01,FROZEN
FT0000090,ACCT0004,PER202307,VAT,PAY,-80654.78,KES,2023-07-16,FROZEN
FT0000091,ACCT0004,PER202307,VAT,PEN,12024.14,KES,2023-08-21,FROZEN
FT0000092,ACCT0004,PER202409,VAT,BILL,430918.08,KES,2024-09-01,FROZEN
FT0000093,ACCT0004,PER202310,VAT,BILL,403034.38,KES,2023-10-01,FROZEN
FT0000094,ACCT0004,PER202310,VAT,PAY,-313854.93,KES,2023-11-05,FROZEN
FT0000095,ACCT0004,PER202412,VAT,BILL,230948.6,KES,2024-12-01,FROZEN
FT0000096,ACCT0004,PER202403,VAT,BILL,299748.9,KES,2024-03-01,FROZEN
FT0000097,ACCT0004,PER202401,VAT,BILL,361040.61,KES,2024-01-01,FROZEN
FT0000098,ACCT0004,PER202401,VAT,PAY,-360441.82,KES,2024-02-05,FROZEN
FT0000099,ACCT0004,PER202208,VAT,BILL,431439.98,KES,2022-08-01,FROZEN
FT0000100,ACCT0004,PER202208,VAT,PAY,-410327.93,KES,2022-09-10,FROZEN
FT0000101,ACCT0004,PER202410,VAT,BILL,244875.52,KES,2024-10-01,FROZEN
FT0000102,ACCT0004,PER202410,VAT,PAY,-187066.18,KES,2024-11-15,FROZEN
FT0000103,ACCT0004,PER202210,VAT,BILL,163256.24,KES,2022-10-01,FROZEN
FT0000104,ACCT0004,PER202210,VAT,PAY,-95182.38,KES,2022-10-15,FROZEN
FT0000105,ACCT0004,PER202405,VAT,BILL,110906.67,KES,2024-05-01,FROZEN
FT0000106,ACCT0004,PER202405,VAT,PAY,-77471.51,KES,2024-05-30,FROZEN
FT0000107,ACCT0004,PER202207,VAT,BILL,212971.04,KES,2022-07-01,FROZEN
FT0000108,ACCT0004,PER202205,VAT,BILL,429082.36,KES,2022-05-01,FROZEN
FT0000109,ACCT0004,PER202205,VAT,ADJ,-12721.54,KES,2022-05-31,FROZEN
FT0000110,ACCT0004,PER202201,VAT,BILL,377970.19,KES,2022-01-01,FROZEN
FT0000111,ACCT0004,PER202202,VAT,BILL,375020.26,KES,2022-02-01,FROZEN
FT0000112,ACCT0004,PER202202,VAT,PAY,-323249.3,KES,2022-02-15,FROZEN
FT0000113,ACCT0004,PER202402,VAT,BILL,245392.79,KES,2024-02-01,FROZEN
FT0000114,ACCT0004,PER202402,VAT,PAY,-221178.45,KES,2024-02-26,FROZEN
FT0000115,ACCT0005,PER202411,VAT,BILL,434091.42,KES,2024-11-01,FROZEN
FT0000116,ACCT0005,PER202411,VAT,PAY,-284804.68,KES,2024-11-21,FROZEN
FT0000117,ACCT0005,PER202202,VAT,BILL,381808.71,KES,2022-02-01,FROZEN
FT0000118,ACCT0005,PER202202,VAT,PAY,-363178.7,KES,2022-02-27,FROZEN
FT0000119,ACCT0005,PER202202,VAT,ADJ,-36700.73,KES,2022-02-28,FROZEN
FT0000120,ACCT0005,PER202402,VAT,BILL,272012.43,KES,2024-02-01,FROZEN
FT0000121,ACCT0005,PER202412,VAT,BILL,391710.36,KES,2024-12-01,FROZEN
FT0000122,ACCT0005,PER202412,VAT,PAY,-373119.76,KES,2024-12-16,FROZEN
FT0000123,ACCT0005,PER202412,VAT,PEN,20383.82,KES,2025-01-21,FROZEN
FT0000124,ACCT0005,PER202206,VAT,BILL,67479.38,KES,2022-06-01,FROZEN
FT0000125,ACCT0005,PER202206,VAT,PAY,-56573.48,KES,2022-06-14,FROZEN
FT0000126,ACCT0005,PER202309,VAT,BILL,187603.11,KES,2023-09-01,FROZEN
FT0000127,ACCT0005,PER202309,VAT,PAY,-202281.34,KES,2023-10-16,FROZEN
FT0000128,ACCT0005,PER202309,VAT,PEN,24750.5,KES,2023-10-21,FROZEN
FT0000129,ACCT0005,PER202302,VAT,BILL,58508.88,KES,2023-02-01,FROZEN
FT0000130,ACCT0005,PER202302,VAT,PAY,-40205.8,KES,2023-03-16,FROZEN
FT0000131,ACCT0005,PER202205,VAT,BILL,471027.95,KES,2022-05-01,FROZEN
FT0000132,ACCT0005,PER202205,VAT,PAY,-402850.76,KES,2022-06-10,FROZEN
FT0000133,ACCT0006,PER202208,CIT,BILL,425539.94,KES,2022-08-01,FROZEN
FT0000134,ACCT0006,PER202208,CIT,PEN,62162.35,KES,2022-09-21,FROZEN
FT0000135,ACCT0006,PER202203,CIT,BILL,415210.12,KES,2022-03-01,FROZEN
FT0000136,ACCT0006,PER202311,CIT,BILL,482909.5,KES,2023-11-01,FROZEN
FT0000137,ACCT0006,PER202311,CIT,PAY,-475627.0,KES,2023-12-05,FROZEN
FT0000138,ACCT0006,PER202404,CIT,BILL,413738.63,KES,2024-04-01,FROZEN
FT0000139,ACCT0006,PER202404,CIT,PAY,-286879.23,KES,2024-04-16,FROZEN
FT0000140,ACCT0006,PER202404,CIT,ADJ,31579.11,KES,2024-04-30,FROZEN
FT0000141,ACCT0006,PER202312,CIT,BILL,125712.4,KES,2023-12-01,FROZEN
FT0000142,ACCT0006,PER202312,CIT,PAY,-108891.96,KES,2023-12-25,FROZEN
FT0000143,ACCT0006,PER202411,CIT,BILL,165882.01,KES,2024-11-01,FROZEN
FT0000144,ACCT0006,PER202411,CIT,PAY,-118256.45,KES,2024-11-17,FROZEN
FT0000145,ACCT0006,PER202305,CIT,BILL,352085.96,KES,2023-05-01,FROZEN
FT0000146,ACCT0006,PER202305,CIT,PAY,-178187.42,KES,2023-05-13,FROZEN
FT0000147,ACCT0006,PER202305,CIT,PEN,42957.12,KES,2023-06-21,FROZEN
FT0000148,ACCT0006,PER202309,CIT,BILL,380291.5,KES,2023-09-01,FROZEN
FT0000149,ACCT0006,PER202309,CIT,PAY,-337524.58,KES,2023-10-02,FROZEN
FT0000150,ACCT0006,PER202309,CIT,ADJ,-15650.09,KES,2023-09-30,FROZEN
FT0000151,ACCT0006,PER202211,CIT,BILL,205178.56,KES,2022-11-01,FROZEN
FT0000152,ACCT0006,PER202211,CIT,PAY,-184327.5,KES,2022-11-24,FROZEN
FT0000153,ACCT0006,PER202201,CIT,BILL,215624.39,KES,2022-01-01,FROZEN
FT0000154,ACCT0007,PER202308,VAT,BILL,346630.96,KES,2023-08-01,FROZEN
FT0000155,ACCT0007,PER202308,VAT,PAY,-326929.42,KES,2023-08-18,FROZEN
FT0000156,ACCT0007,PER202305,VAT,BILL,264695.25,KES,2023-05-01,FROZEN
FT0000157,ACCT0007,PER202305,VAT,PAY,-148312.89,KES,2023-05-13,FROZEN
FT0000158,ACCT0007,PER202303,VAT,BILL,154622.46,KES,2023-03-01,FROZEN
FT0000159,ACCT0007,PER202303,VAT,PEN,8434.9,KES,2023-04-21,FROZEN
FT0000160,ACCT0007,PER202303,VAT,ADJ,-6428.07,KES,2023-03-31,FROZEN
FT0000161,ACCT0007,PER202208,VAT,BILL,472324.36,KES,2022-08-01,FROZEN
FT0000162,ACCT0007,PER202208,VAT,PAY,-449499.43,KES,2022-08-07,FROZEN
FT0000163,ACCT0007,PER202301,VAT,BILL,237351.49,KES,2023-01-01,FROZEN
FT0000164,ACCT0007,PER202301,VAT,PAY,-144931.14,KES,2023-01-04,FROZEN
FT0000165,ACCT0007,PER202211,VAT,BILL,61473.13,KES,2022-11-01,FROZEN
FT0000166,ACCT0007,PER202211,VAT,PAY,-48874.09,KES,2022-12-07,FROZEN
FT0000167,ACCT0007,PER202211,VAT,ADJ,-4312.98,KES,2022-11-30,FROZEN
FT0000168,ACCT0007,PER202204,VAT,BILL,283605.6,KES,2022-04-01,FROZEN
FT0000169,ACCT0007,PER202204,VAT,PAY,-310931.25,KES,2022-04-08,FROZEN
FT0000170,ACCT0007,PER202312,VAT,BILL,300082.79,KES,2023-12-01,FROZEN
FT0000171,ACCT0007,PER202312,VAT,PAY,-289704.76,KES,2023-12-25,FROZEN
FT0000172,ACCT0007,PER202306,VAT,BILL,430782.5,KES,2023-06-01,FROZEN
FT0000173,ACCT0007,PER202401,VAT,BILL,306767.3,KES,2024-01-01,FROZEN
FT0000174,ACCT0008,PER202305,VAT,BILL,207216.2,KES,2023-05-01,FROZEN
FT0000175,ACCT0008,PER202305,VAT,PAY,-162032.19,KES,2023-05-03,FROZEN
FT0000176,ACCT0008,PER202206,VAT,BILL,352978.84,KES,2022-06-01,FROZEN
FT0000177,ACCT0008,PER202206,VAT,PAY,-322068.82,KES,2022-06-17,FROZEN
FT0000178,ACCT0008,PER202211,VAT,BILL,332285.61,KES,2022-11-01,FROZEN
FT0000179,ACCT0008,PER202304,VAT,BILL,325579.19,KES,2023-04-01,FROZEN
FT0000180,ACCT0008,PER202304,VAT,ADJ,-21753.72,KES,2023-04-30,FROZEN
FT0000181,ACCT0008,PER202212,VAT,BILL,157267.85,KES,2022-12-01,FROZEN
FT0000182,ACCT0008,PER202306,VAT,BILL,66555.06,KES,2023-06-01,FROZEN
FT0000183,ACCT0008,PER202306,VAT,PAY,-61220.02,KES,2023-06-18,FROZEN
FT0000184,ACCT0008,PER202203,VAT,BILL,44818.72,KES,2022-03-01,FROZEN
FT0000185,ACCT0008,PER202203,VAT,PAY,-34027.14,KES,2022-03-21,FROZEN
FT0000186,ACCT0008,PER202203,VAT,ADJ,-2429.85,KES,2022-03-31,FROZEN
FT0000187,ACCT0008,PER202411,VAT,BILL,338777.69,KES,2024-11-01,FROZEN
FT0000188,ACCT0008,PER202411,VAT,ADJ,17938.98,KES,2024-11-30,FROZEN
FT0000189,ACCT0008,PER202201,VAT,BILL,411603.52,KES,2022-01-01,FROZEN
FT0000190,ACCT0008,PER202201,VAT,PAY,-394260.77,KES,2022-01-12,FROZEN
FT0000191,ACCT0009,PER202212,PAYE,BILL,56776.94,KES,2022-12-01,FROZEN
FT0000192,ACCT0009,PER202212,PAYE,PAY,-42411.64,KES,2023-01-01,FROZEN
FT0000193,ACCT0009,PER202404,PAYE,BILL,407715.19,KES,2024-04-01,FROZEN
FT0000194,ACCT0009,PER202404,PAYE,PAY,-315121.25,KES,2024-04-21,FROZEN
FT0000195,ACCT0009,PER202408,PAYE,BILL,387411.22,KES,2024-08-01,FROZEN
FT0000196,ACCT0009,PER202408,PAYE,ADJ,28619.42,KES,2024-08-31,FROZEN
FT0000197,ACCT0009,PER202206,PAYE,BILL,233678.29,KES,2022-06-01,FROZEN
FT0000198,ACCT0009,PER202206,PAYE,PAY,-189527.96,KES,2022-07-10,FROZEN
FT0000199,ACCT0009,PER202407,PAYE,BILL,381195.32,KES,2024-07-01,FROZEN
FT0000200,ACCT0009,PER202407,PAYE,PAY,-316213.63,KES,2024-07-19,FROZEN
FT0000201,ACCT0009,PER202412,PAYE,BILL,65105.91,KES,2024-12-01,FROZEN
FT0000202,ACCT0009,PER202302,PAYE,BILL,83397.19,KES,2023-02-01,FROZEN
FT0000203,ACCT0009,PER202302,PAYE,PAY,-69332.32,KES,2023-02-06,FROZEN
FT0000204,ACCT0009,PER202211,PAYE,BILL,61163.25,KES,2022-11-01,FROZEN
FT0000205,ACCT0009,PER202405,PAYE,BILL,466663.26,KES,2024-05-01,FROZEN
FT0000206,ACCT0009,PER202405,PAYE,PAY,-430845.44,KES,2024-05-27,FROZEN
FT0000207,ACCT0009,PER202310,PAYE,BILL,125646.8,KES,2023-10-01,FROZEN
FT0000208,ACCT0009,PER202310,PAYE,PAY,-91741.21,KES,2023-11-08,FROZEN
FT0000209,ACCT0010,PER202306,PAYE,BILL,145005.3,KES,2023-06-01,FROZEN
FT0000210,ACCT0010,PER202306,PAYE,PAY,-123568.1,KES,2023-07-13,FROZEN
FT0000211,ACCT0010,PER202403,PAYE,BILL,271597.39,KES,2024-03-01,FROZEN
FT0000212,ACCT0010,PER202403,PAYE,PAY,-225738.29,KES,2024-04-04,FROZEN
FT0000213,ACCT0010,PER202310,PAYE,BILL,435452.83,KES,2023-10-01,FROZEN
FT0000214,ACCT0010,PER202409,PAYE,BILL,428726.42,KES,2024-09-01,FROZEN
FT0000215,ACCT0010,PER202409,PAYE,PAY,-296209.57,KES,2024-10-01,FROZEN
FT0000216,ACCT0010,PER202412,PAYE,BILL,196108.98,KES,2024-12-01,FROZEN
FT0000217,ACCT0010,PER202412,PAYE,PAY,-194628.07,KES,2024-12-10,FROZEN
FT0000218,ACCT0010,PER202412,PAYE,ADJ,89.86,KES,2024-12-31,FROZEN
FT0000219,ACCT0010,PER202411,PAYE,BILL,297139.31,KES,2024-11-01,FROZEN
FT0000220,ACCT0010,PER202201,PAYE,BILL,265345.79,KES,2022-01-01,FROZEN
FT0000221,ACCT0010,PER202201,PAYE,PAY,-247691.35,KES,2022-01-27,FROZEN
FT0000222,ACCT0011,PER202407,VAT,BILL,426908.96,KES,2024-07-01,FROZEN
FT0000223,ACCT0011,PER202305,VAT,BILL,360765.13,KES,2023-05-01,FROZEN
FT0000224,ACCT0011,PER202305,VAT,ADJ,-31139.75,KES,2023-05-31,FROZEN
FT0000225,ACCT0011,PER202310,VAT,BILL,317424.7,KES,2023-10-01,FROZEN
FT0000226,ACCT0011,PER202402,VAT,BILL,219815.88,KES,2024-02-01,FROZEN
FT0000227,ACCT0011,PER202402,VAT,PAY,-193492.64,KES,2024-02-07,FROZEN
FT0000228,ACCT0011,PER202206,VAT,BILL,452194.91,KES,2022-06-01,FROZEN
FT0000229,ACCT0011,PER202206,VAT,PAY,-442104.67,KES,2022-06-19,FROZEN
FT0000230,ACCT0011,PER202404,VAT,BILL,125877.73,KES,2024-04-01,FROZEN
FT0000231,ACCT0011,PER202404,VAT,PAY,-114432.95,KES,2024-04-12,FROZEN
FT0000232,ACCT0011,PER202404,VAT,PEN,7287.92,KES,2024-05-21,FROZEN
FT0000233,ACCT0011,PER202211,VAT,BILL,311756.63,KES,2022-11-01,FROZEN
FT0000234,ACCT0011,PER202211,VAT,PAY,-326626.61,KES,2022-11-10,FROZEN
FT0000235,ACCT0012,PER202305,CIT,BILL,128798.62,KES,2023-05-01,FROZEN
FT0000236,ACCT0012,PER202305,CIT,PEN,11394.73,KES,2023-06-21,FROZEN
FT0000237,ACCT0012,PER202201,CIT,BILL,122416.82,KES,2022-01-01,FROZEN
FT0000238,ACCT0012,PER202201,CIT,PAY,-103428.4,KES,2022-02-14,FROZEN
FT0000239,ACCT0012,PER202406,CIT,BILL,330823.76,KES,2024-06-01,FROZEN
FT0000240,ACCT0012,PER202406,CIT,PAY,-277745.54,KES,2024-07-14,FROZEN
FT0000241,ACCT0012,PER202307,CIT,BILL,455755.39,KES,2023-07-01,FROZEN
FT0000242,ACCT0012,PER202211,CIT,BILL,388991.78,KES,2022-11-01,FROZEN
FT0000243,ACCT0012,PER202211,CIT,PAY,-381662.85,KES,2022-11-15,FROZEN
FT0000244,ACCT0012,PER202203,CIT,BILL,340493.41,KES,2022-03-01,FROZEN
FT0000245,ACCT0012,PER202303,CIT,BILL,315982.81,KES,2023-03-01,FROZEN
FT0000246,ACCT0012,PER202212,CIT,BILL,223207.48,KES,2022-12-01,FROZEN
FT0000247,ACCT0012,PER202212,CIT,PAY,-209684.65,KES,2022-12-06,FROZEN
FT0000248,ACCT0012,PER202409,CIT,BILL,210674.03,KES,2024-09-01,FROZEN
FT0000249,ACCT0012,PER202409,CIT,PAY,-204755.71,KES,2024-09-24,FROZEN
FT0000250,ACCT0012,PER202210,CIT,BILL,416083.95,KES,2022-10-01,FROZEN
FT0000251,ACCT0012,PER202210,CIT,PAY,-413926.09,KES,2022-10-31,FROZEN
FT0000252,ACCT0012,PER202309,CIT,BILL,435846.49,KES,2023-09-01,FROZEN
FT0000253,ACCT0012,PER202309,CIT,ADJ,22154.21,KES,2023-09-30,FROZEN
FT0000254,ACCT0012,PER202302,CIT,BILL,116679.27,KES,2023-02-01,FROZEN
FT0000255,ACCT0012,PER202302,CIT,PAY,-105553.17,KES,2023-02-26,FROZEN
FT0000256,ACCT0012,PER202311,CIT,BILL,186058.65,KES,2023-11-01,FROZEN
FT0000257,ACCT0012,PER202311,CIT,PEN,19286.32,KES,2023-12-21,FROZEN
FT0000258,ACCT0013,PER202305,CIT,BILL,455146.88,KES,2023-05-01,FROZEN
FT0000259,ACCT0013,PER202305,CIT,PAY,-339074.19,KES,2023-05-09,FROZEN
FT0000260,ACCT0013,PER202305,CIT,PEN,24451.04,KES,2023-06-21,FROZEN
FT0000261,ACCT0013,PER202401,CIT,BILL,62479.64,KES,2024-01-01,FROZEN
FT0000262,ACCT0013,PER202401,CIT,PAY,-51391.25,KES,2024-01-25,FROZEN
FT0000263,ACCT0013,PER202312,CIT,BILL,372854.36,KES,2023-12-01,FROZEN
FT0000264,ACCT0013,PER202207,CIT,BILL,81488.84,KES,2022-07-01,FROZEN
FT0000265,ACCT0013,PER202207,CIT,PAY,-45585.91,KES,2022-08-01,FROZEN
FT0000266,ACCT0013,PER202303,CIT,BILL,143471.37,KES,2023-03-01,FROZEN
FT0000267,ACCT0013,PER202303,CIT,PAY,-90438.87,KES,2023-03-29,FROZEN
FT0000268,ACCT0013,PER202304,CIT,BILL,54180.54,KES,2023-04-01,FROZEN
FT0000269,ACCT0013,PER202304,CIT,PAY,-44789.94,KES,2023-05-12,FROZEN
FT0000270,ACCT0013,PER202201,CIT,BILL,98955.24,KES,2022-01-01,FROZEN
FT0000271,ACCT0013,PER202201,CIT,PAY,-99828.02,KES,2022-01-30,FROZEN
FT0000272,ACCT0013,PER202201,CIT,PEN,7046.66,KES,2022-02-21,FROZEN
FT0000273,ACCT0013,PER202308,CIT,BILL,485691.19,KES,2023-08-01,FROZEN
FT0000274,ACCT0013,PER202308,CIT,PAY,-340035.07,KES,2023-08-09,FROZEN
FT0000275,ACCT0013,PER202306,CIT,BILL,415759.83,KES,2023-06-01,FROZEN
FT0000276,ACCT0013,PER202306,CIT,PAY,-354156.63,KES,2023-06-15,FROZEN
FT0000277,ACCT0013,PER202211,CIT,BILL,450762.86,KES,2022-11-01,FROZEN
FT0000278,ACCT0013,PER202211,CIT,PAY,-457543.99,KES,2022-11-10,FROZEN
FT0000279,ACCT0013,PER202405,CIT,BILL,400264.34,KES,2024-05-01,FROZEN
FT0000280,ACCT0013,PER202405,CIT,PAY,-408217.09,KES,2024-05-09,FROZEN
FT0000281,ACCT0013,PER202405,CIT,PEN,51633.49,KES,2024-06-21,FROZEN
FT0000282,ACCT0013,PER202208,CIT,BILL,165266.87,KES,2022-08-01,FROZEN
FT0000283,ACCT0013,PER202208,CIT,PAY,-87829.33,KES,2022-09-17,FROZEN
FT0000284,ACCT0013,PER202309,CIT,BILL,36461.23,KES,2023-09-01,FROZEN
FT0000285,ACCT0013,PER202309,CIT,PAY,-26150.85,KES,2023-10-08,FROZEN
FT0000286,ACCT0013,PER202309,CIT,PEN,3660.12,KES,2023-10-21,FROZEN
FT0000287,ACCT0013,PER202203,CIT,BILL,26465.69,KES,2022-03-01,FROZEN
FT0000288,ACCT0013,PER202410,CIT,BILL,231731.05,KES,2024-10-01,FROZEN
FT0000289,ACCT0013,PER202410,CIT,PEN,22686.05,KES,2024-11-21,FROZEN
FT0000290,ACCT0013,PER202408,CIT,BILL,344618.26,KES,2024-08-01,FROZEN
FT0000291,ACCT0013,PER202408,CIT,PAY,-360408.84,KES,2024-08-05,FROZEN
FT0000292,ACCT0014,PER202205,PAYE,BILL,229589.13,KES,2022-05-01,FROZEN
FT0000293,ACCT0014,PER202205,PAYE,PAY,-128456.74,KES,2022-06-14,FROZEN
FT0000294,ACCT0014,PER202205,PAYE,PEN,26510.95,KES,2022-06-21,FROZEN
FT0000295,ACCT0014,PER202209,PAYE,BILL,277910.94,KES,2022-09-01,FROZEN
FT0000296,ACCT0014,PER202306,PAYE,BILL,209837.72,KES,2023-06-01,FROZEN
FT0000297,ACCT0014,PER202309,PAYE,BILL,159711.43,KES,2023-09-01,FROZEN
FT0000298,ACCT0014,PER202309,PAYE,PAY,-104281.0,KES,2023-09-10,FROZEN
FT0000299,ACCT0014,PER202401,PAYE,BILL,50156.27,KES,2024-01-01,FROZEN
FT0000300,ACCT0014,PER202401,PAYE,PAY,-38074.92,KES,2024-02-17,FROZEN
FT0000301,ACCT0014,PER202308,PAYE,BILL,280403.51,KES,2023-08-01,FROZEN
FT0000302,ACCT0014,PER202308,PAYE,PAY,-234684.24,KES,2023-08-22,FROZEN
FT0000303,ACCT0014,PER202305,PAYE,BILL,437435.65,KES,2023-05-01,FROZEN
FT0000304,ACCT0014,PER202210,PAYE,BILL,30465.81,KES,2022-10-01,FROZEN
FT0000305,ACCT0014,PER202210,PAYE,PAY,-20944.31,KES,2022-10-07,FROZEN
FT0000306,ACCT0015,PER202407,CIT,BILL,280586.18,KES,2024-07-01,FROZEN
FT0000307,ACCT0015,PER202407,CIT,PAY,-251040.1,KES,2024-08-14,FROZEN
FT0000308,ACCT0015,PER202303,CIT,BILL,352835.89,KES,2023-03-01,FROZEN
FT0000309,ACCT0015,PER202303,CIT,PAY,-248359.35,KES,2023-03-01,FROZEN
FT0000310,ACCT0015,PER202303,CIT,PEN,22696.22,KES,2023-04-21,FROZEN
FT0000311,ACCT0015,PER202207,CIT,BILL,39444.78,KES,2022-07-01,FROZEN
FT0000312,ACCT0015,PER202207,CIT,ADJ,240.48,KES,2022-07-31,FROZEN
FT0000313,ACCT0015,PER202311,CIT,BILL,191216.23,KES,2023-11-01,FROZEN
FT0000314,ACCT0015,PER202311,CIT,PAY,-113667.64,KES,2023-11-20,FROZEN
FT0000315,ACCT0015,PER202312,CIT,BILL,285958.81,KES,2023-12-01,FROZEN
FT0000316,ACCT0015,PER202312,CIT,PAY,-152005.78,KES,2023-12-11,FROZEN
FT0000317,ACCT0015,PER202312,CIT,ADJ,-23930.09,KES,2023-12-31,FROZEN
FT0000318,ACCT0015,PER202204,CIT,BILL,224340.92,KES,2022-04-01,FROZEN
FT0000319,ACCT0015,PER202204,CIT,PAY,-193885.65,KES,2022-04-27,FROZEN
FT0000320,ACCT0015,PER202401,CIT,BILL,61339.67,KES,2024-01-01,FROZEN
FT0000321,ACCT0015,PER202401,CIT,PAY,-41094.38,KES,2024-02-13,FROZEN
FT0000322,ACCT0015,PER202209,CIT,BILL,157667.6,KES,2022-09-01,FROZEN
FT0000323,ACCT0015,PER202209,CIT,PAY,-171962.91,KES,2022-09-04,FROZEN
FT0000324,ACCT0015,PER202209,CIT,PEN,12635.79,KES,2022-10-21,FROZEN
FT0000325,ACCT0015,PER202307,CIT,BILL,72931.23,KES,2023-07-01,FROZEN
FT0000326,ACCT0015,PER202307,CIT,PAY,-50823.84,KES,2023-07-01,FROZEN
FT0000327,ACCT0015,PER202208,CIT,BILL,68946.92,KES,2022-08-01,FROZEN
FT0000328,ACCT0015,PER202208,CIT,PAY,-43992.72,KES,2022-09-05,FROZEN
FT0000329,ACCT0015,PER202402,CIT,BILL,40677.37,KES,2024-02-01,FROZEN
FT0000330,ACCT0015,PER202402,CIT,PEN,2110.1,KES,2024-03-21,FROZEN
FT0000331,ACCT0015,PER202302,CIT,BILL,431744.46,KES,2023-02-01,FROZEN
FT0000332,ACCT0015,PER202302,CIT,PAY,-364409.51,KES,2023-03-18,FROZEN
FT0000333,ACCT0015,PER202306,CIT,BILL,205490.99,KES,2023-06-01,FROZEN
FT0000334,ACCT0015,PER202306,CIT,PEN,29747.17,KES,2023-07-21,FROZEN
FT0000335,ACCT0015,PER202308,CIT,BILL,346356.97,KES,2023-08-01,FROZEN
FT0000336,ACCT0015,PER202308,CIT,PAY,-263933.39,KES,2023-08-07,FROZEN
FT0000337,ACCT0015,PER202409,CIT,BILL,264361.46,KES,2024-09-01,FROZEN
FT0000338,ACCT0015,PER202409,CIT,PAY,-181395.51,KES,2024-09-22,FROZEN
FT0000339,ACCT0015,PER202309,CIT,BILL,42807.79,KES,2023-09-01,FROZEN
FT0000340,ACCT0015,PER202309,CIT,PAY,-35032.31,KES,2023-09-13,FROZEN
FT0000341,ACCT0016,PER202210,CIT,BILL,378450.68,KES,2022-10-01,FROZEN
FT0000342,ACCT0016,PER202304,CIT,BILL,284423.43,KES,2023-04-01,FROZEN
FT0000343,ACCT0016,PER202304,CIT,PAY,-248788.89,KES,2023-05-11,FROZEN
FT0000344,ACCT0016,PER202207,CIT,BILL,237115.94,KES,2022-07-01,FROZEN
FT0000345,ACCT0016,PER202207,CIT,PAY,-231851.45,KES,2022-08-07,FROZEN
FT0000346,ACCT0016,PER202207,CIT,PEN,23885.56,KES,2022-08-21,FROZEN
FT0000347,ACCT0016,PER202412,CIT,BILL,228697.36,KES,2024-12-01,FROZEN
FT0000348,ACCT0016,PER202412,CIT,PAY,-228472.77,KES,2024-12-05,FROZEN
FT0000349,ACCT0016,PER202305,CIT,BILL,49696.77,KES,2023-05-01,FROZEN
FT0000350,ACCT0016,PER202305,CIT,PAY,-36312.91,KES,2023-06-07,FROZEN
FT0000351,ACCT0016,PER202410,CIT,BILL,448459.0,KES,2024-10-01,FROZEN
FT0000352,ACCT0016,PER202410,CIT,PAY,-442131.04,KES,2024-11-11,FROZEN
FT0000353,ACCT0016,PER202410,CIT,PEN,49554.98,KES,2024-11-21,FROZEN
FT0000354,ACCT0016,PER202206,CIT,BILL,479072.57,KES,2022-06-01,FROZEN
FT0000355,ACCT0016,PER202206,CIT,PAY,-472643.46,KES,2022-06-22,FROZEN
FT0000356,ACCT0016,PER202206,CIT,ADJ,14001.1,KES,2022-06-30,FROZEN
FT0000357,ACCT0016,PER202308,CIT,BILL,24375.35,KES,2023-08-01,FROZEN
FT0000358,ACCT0016,PER202205,CIT,BILL,306853.68,KES,2022-05-01,FROZEN
FT0000359,ACCT0016,PER202205,CIT,PAY,-322430.21,KES,2022-05-25,FROZEN
FT0000360,ACCT0016,PER202401,CIT,BILL,300953.5,KES,2024-01-01,FROZEN
FT0000361,ACCT0016,PER202401,CIT,ADJ,-24406.97,KES,2024-01-31,FROZEN
FT0000362,ACCT0016,PER202403,CIT,BILL,340797.78,KES,2024-03-01,FROZEN
FT0000363,ACCT0016,PER202403,CIT,PAY,-318386.98,KES,2024-04-12,FROZEN
FT0000364,ACCT0016,PER202309,CIT,BILL,79434.8,KES,2023-09-01,FROZEN
FT0000365,ACCT0016,PER202309,CIT,PAY,-71345.74,KES,2023-09-23,FROZEN
FT0000366,ACCT0016,PER202203,CIT,BILL,332756.9,KES,2022-03-01,FROZEN
FT0000367,ACCT0016,PER202203,CIT,PAY,-307900.1,KES,2022-03-06,FROZEN
FT0000368,ACCT0016,PER202406,CIT,BILL,396872.67,KES,2024-06-01,FROZEN
FT0000369,ACCT0016,PER202402,CIT,BILL,370693.46,KES,2024-02-01,FROZEN
FT0000370,ACCT0016,PER202402,CIT,PAY,-302425.07,KES,2024-03-13,FROZEN
FT0000371,ACCT0016,PER202411,CIT,BILL,14024.12,KES,2024-11-01,FROZEN
FT0000372,ACCT0016,PER202411,CIT,PAY,-15015.65,KES,2024-11-22,FROZEN
FT0000373,ACCT0016,PER202303,CIT,BILL,117138.81,KES,2023-03-01,FROZEN
FT0000374,ACCT0016,PER202303,CIT,PAY,-63992.82,KES,2023-04-20,FROZEN
FT0000375,ACCT0016,PER202303,CIT,PEN,14886.88,KES,2023-04-21,FROZEN
FT0000376,ACCT0017,PER202203,VAT,BILL,26627.75,KES,2022-03-01,FROZEN
FT0000377,ACCT0017,PER202203,VAT,PAY,-24810.44,KES,2022-03-29,FROZEN
FT0000378,ACCT0017,PER202310,VAT,BILL,392981.18,KES,2023-10-01,FROZEN
FT0000379,ACCT0017,PER202310,VAT,PAY,-252883.82,KES,2023-11-21,FROZEN
FT0000380,ACCT0017,PER202209,VAT,BILL,101038.01,KES,2022-09-01,FROZEN
FT0000381,ACCT0017,PER202209,VAT,PAY,-85099.43,KES,2022-09-29,FROZEN
FT0000382,ACCT0017,PER202401,VAT,BILL,194026.85,KES,2024-01-01,FROZEN
FT0000383,ACCT0017,PER202401,VAT,PAY,-209502.6,KES,2024-01-13,FROZEN
FT0000384,ACCT0017,PER202210,VAT,BILL,128751.59,KES,2022-10-01,FROZEN
FT0000385,ACCT0017,PER202210,VAT,PAY,-131902.16,KES,2022-11-05,FROZEN
FT0000386,ACCT0017,PER202206,VAT,BILL,260375.15,KES,2022-06-01,FROZEN
FT0000387,ACCT0017,PER202206,VAT,PAY,-143290.97,KES,2022-06-11,FROZEN
FT0000388,ACCT0017,PER202407,VAT,BILL,77937.58,KES,2024-07-01,FROZEN
FT0000389,ACCT0017,PER202407,VAT,PAY,-83225.49,KES,2024-07-15,FROZEN
FT0000390,ACCT0017,PER202403,VAT,BILL,465583.6,KES,2024-03-01,FROZEN
FT0000391,ACCT0017,PER202403,VAT,PAY,-343541.28,KES,2024-03-24,FROZEN
FT0000392,ACCT0017,PER202311,VAT,BILL,190581.77,KES,2023-11-01,FROZEN
FT0000393,ACCT0017,PER202311,VAT,PAY,-201729.95,KES,2023-12-16,FROZEN
FT0000394,ACCT0017,PER202409,VAT,BILL,73111.8,KES,2024-09-01,FROZEN
FT0000395,ACCT0017,PER202409,VAT,PAY,-72955.12,KES,2024-10-15,FROZEN
FT0000396,ACCT0017,PER202308,VAT,BILL,237209.51,KES,2023-08-01,FROZEN
FT0000397,ACCT0017,PER202308,VAT,PAY,-247531.56,KES,2023-08-02,FROZEN
FT0000398,ACCT0017,PER202406,VAT,BILL,276658.1,KES,2024-06-01,FROZEN
FT0000399,ACCT0017,PER202312,VAT,BILL,147610.28,KES,2023-12-01,FROZEN
FT0000400,ACCT0017,PER202312,VAT,PAY,-78034.13,KES,2023-12-27,FROZEN
FT0000401,ACCT0017,PER202303,VAT,BILL,36089.54,KES,2023-03-01,FROZEN
FT0000402,ACCT0018,PER202409,VAT,BILL,487453.97,KES,2024-09-01,FROZEN
FT0000403,ACCT0018,PER202409,VAT,PAY,-397584.84,KES,2024-10-03,FROZEN
FT0000404,ACCT0018,PER202304,VAT,BILL,15065.48,KES,2023-04-01,FROZEN
FT0000405,ACCT0018,PER202304,VAT,PEN,1336.13,KES,2023-05-21,FROZEN
FT0000406,ACCT0018,PER202210,VAT,BILL,374921.71,KES,2022-10-01,FROZEN
FT0000407,ACCT0018,PER202210,VAT,PAY,-202658.58,KES,2022-10-16,FROZEN
FT0000408,ACCT0018,PER202307,VAT,BILL,386893.18,KES,2023-07-01,FROZEN
FT0000409,ACCT0018,PER202307,VAT,ADJ,3560.48,KES,2023-07-31,FROZEN
FT0000410,ACCT0018,PER202404,VAT,BILL,407686.89,KES,2024-04-01,FROZEN
FT0000411,ACCT0018,PER202404,VAT,PAY,-394431.18,KES,2024-04-30,FROZEN
FT0000412,ACCT0018,PER202201,VAT,BILL,95227.61,KES,2022-01-01,FROZEN
FT0000413,ACCT0018,PER202201,VAT,PAY,-88526.16,KES,2022-01-30,FROZEN
FT0000414,ACCT0018,PER202201,VAT,PEN,6681.08,KES,2022-02-21,FROZEN
FT0000415,ACCT0018,PER202308,VAT,BILL,443466.24,KES,2023-08-01,FROZEN
FT0000416,ACCT0018,PER202308,VAT,PAY,-304238.03,KES,2023-08-26,FROZEN
FT0000417,ACCT0018,PER202212,VAT,BILL,130390.31,KES,2022-12-01,FROZEN
FT0000418,ACCT0018,PER202212,VAT,PEN,11174.11,KES,2023-01-21,FROZEN
FT0000419,ACCT0018,PER202208,VAT,BILL,433570.15,KES,2022-08-01,FROZEN
FT0000420,ACCT0018,PER202208,VAT,PAY,-249166.26,KES,2022-08-24,FROZEN
FT0000421,ACCT0018,PER202412,VAT,BILL,222669.63,KES,2024-12-01,FROZEN
FT0000422,ACCT0018,PER202302,VAT,BILL,347573.9,KES,2023-02-01,FROZEN
FT0000423,ACCT0018,PER202302,VAT,PAY,-340057.45,KES,2023-02-18,FROZEN
FT0000424,ACCT0018,PER202206,VAT,BILL,44068.87,KES,2022-06-01,FROZEN
FT0000425,ACCT0018,PER202206,VAT,PAY,-43778.23,KES,2022-07-05,FROZEN
FT0000426,ACCT0018,PER202310,VAT,BILL,167320.35,KES,2023-10-01,FROZEN
FT0000427,ACCT0018,PER202310,VAT,PAY,-128426.64,KES,2023-11-15,FROZEN
FT0000428,ACCT0018,PER202312,VAT,BILL,179015.76,KES,2023-12-01,FROZEN
FT0000429,ACCT0018,PER202312,VAT,PAY,-182958.1,KES,2023-12-23,FROZEN
FT0000430,ACCT0018,PER202203,VAT,BILL,321537.31,KES,2022-03-01,FROZEN
FT0000431,ACCT0018,PER202203,VAT,PEN,37657.93,KES,2022-04-21,FROZEN
FT0000432,ACCT0018,PER202305,VAT,BILL,258977.58,KES,2023-05-01,FROZEN
FT0000433,ACCT0018,PER202305,VAT,PEN,13755.35,KES,2023-06-21,FROZEN
FT0000434,ACCT0019,PER202405,PAYE,BILL,474667.65,KES,2024-05-01,FROZEN
FT0000435,ACCT0019,PER202405,PAYE,PAY,-454660.73,KES,2024-06-06,FROZEN
FT0000436,ACCT0019,PER202405,PAYE,PEN,41151.31,KES,2024-06-21,FROZEN
FT0000437,ACCT0019,PER202203,PAYE,BILL,142951.43,KES,2022-03-01,FROZEN
FT0000438,ACCT0019,PER202203,PAYE,PEN,9807.15,KES,2022-04-21,FROZEN
FT0000439,ACCT0019,PER202209,PAYE,BILL,457203.54,KES,2022-09-01,FROZEN
FT0000440,ACCT0019,PER202209,PAYE,PAY,-441191.67,KES,2022-10-16,FROZEN
FT0000441,ACCT0019,PER202205,PAYE,BILL,146360.55,KES,2022-05-01,FROZEN
FT0000442,ACCT0019,PER202304,PAYE,BILL,427149.01,KES,2023-04-01,FROZEN
FT0000443,ACCT0019,PER202304,PAYE,PAY,-443896.42,KES,2023-04-29,FROZEN
FT0000444,ACCT0019,PER202401,PAYE,BILL,483942.81,KES,2024-01-01,FROZEN
FT0000445,ACCT0019,PER202309,PAYE,BILL,277248.59,KES,2023-09-01,FROZEN
FT0000446,ACCT0019,PER202309,PAYE,PAY,-188521.83,KES,2023-09-11,FROZEN
FT0000447,ACCT0019,PER202212,PAYE,BILL,320661.51,KES,2022-12-01,FROZEN
FT0000448,ACCT0019,PER202412,PAYE,BILL,104485.28,KES,2024-12-01,FROZEN
FT0000449,ACCT0019,PER202412,PAYE,PAY,-101792.05,KES,2024-12-02,FROZEN
FT0000450,ACCT0019,PER202301,PAYE,BILL,236365.89,KES,2023-01-01,FROZEN
FT0000451,ACCT0019,PER202301,PAYE,PEN,32718.86,KES,2023-02-21,FROZEN
FT0000452,ACCT0019,PER202301,PAYE,ADJ,-4814.3,KES,2023-01-31,FROZEN
FT0000453,ACCT0019,PER202307,PAYE,BILL,359882.13,KES,2023-07-01,FROZEN
FT0000454,ACCT0019,PER202307,PAYE,PAY,-268643.76,KES,2023-07-27,FROZEN
FT0000455,ACCT0019,PER202307,PAYE,ADJ,34000.2,KES,2023-07-31,FROZEN
FT0000456,ACCT0019,PER202202,PAYE,BILL,322957.6,KES,2022-02-01,FROZEN
FT0000457,ACCT0019,PER202202,PAYE,PAY,-293266.62,KES,2022-02-23,FROZEN
FT0000458,ACCT0019,PER202202,PAYE,PEN,42922.8,KES,2022-03-21,FROZEN
FT0000459,ACCT0019,PER202308,PAYE,BILL,295954.07,KES,2023-08-01,FROZEN
FT0000460,ACCT0019,PER202308,PAYE,PEN,29680.16,KES,2023-09-21,FROZEN
FT0000461,ACCT0019,PER202409,PAYE,BILL,416538.45,KES,2024-09-01,FROZEN
FT0000462,ACCT0019,PER202409,PAYE,PAY,-284276.96,KES,2024-09-11,FROZEN
FT0000463,ACCT0019,PER202310,PAYE,BILL,176281.43,KES,2023-10-01,FROZEN
FT0000464,ACCT0019,PER202303,PAYE,BILL,129049.63,KES,2023-03-01,FROZEN
FT0000465,ACCT0019,PER202303,PAYE,PAY,-107176.34,KES,2023-03-09,FROZEN
FT0000466,ACCT0020,PER202409,VAT,BILL,283990.93,KES,2024-09-01,FROZEN
FT0000467,ACCT0020,PER202409,VAT,PEN,15490.62,KES,2024-10-21,FROZEN
FT0000468,ACCT0020,PER202211,VAT,BILL,290501.76,KES,2022-11-01,FROZEN
FT0000469,ACCT0020,PER202211,VAT,PAY,-278932.64,KES,2022-11-27,FROZEN
FT0000470,ACCT0020,PER202211,VAT,ADJ,22600.86,KES,2022-11-30,FROZEN
FT0000471,ACCT0020,PER202210,VAT,BILL,275060.85,KES,2022-10-01,FROZEN
FT0000472,ACCT0020,PER202210,VAT,PAY,-187386.98,KES,2022-10-16,FROZEN
FT0000473,ACCT0020,PER202411,VAT,BILL,152229.77,KES,2024-11-01,FROZEN
FT0000474,ACCT0020,PER202411,VAT,PAY,-81587.21,KES,2024-11-29,FROZEN
FT0000475,ACCT0020,PER202310,VAT,BILL,173395.32,KES,2023-10-01,FROZEN
FT0000476,ACCT0020,PER202310,VAT,PAY,-176324.15,KES,2023-10-21,FROZEN
FT0000477,ACCT0020,PER202403,VAT,BILL,487810.19,KES,2024-03-01,FROZEN
FT0000478,ACCT0020,PER202403,VAT,PAY,-352357.07,KES,2024-04-05,FROZEN
FT0000479,ACCT0020,PER202403,VAT,PEN,36182.73,KES,2024-04-21,FROZEN
FT0000480,ACCT0020,PER202406,VAT,BILL,227550.03,KES,2024-06-01,FROZEN
FT0000481,ACCT0020,PER202406,VAT,PAY,-120684.16,KES,2024-06-25,FROZEN
FT0000482,ACCT0021,PER202309,CIT,BILL,440142.45,KES,2023-09-01,FROZEN
FT0000483,ACCT0021,PER202309,CIT,PAY,-243851.88,KES,2023-09-26,FROZEN
FT0000484,ACCT0021,PER202412,CIT,BILL,111496.49,KES,2024-12-01,FROZEN
FT0000485,ACCT0021,PER202412,CIT,PAY,-59129.29,KES,2025-01-01,FROZEN
FT0000486,ACCT0021,PER202301,CIT,BILL,337897.7,KES,2023-01-01,FROZEN
FT0000487,ACCT0021,PER202301,CIT,PAY,-170606.73,KES,2023-01-07,FROZEN
FT0000488,ACCT0021,PER202211,CIT,BILL,365116.49,KES,2022-11-01,FROZEN
FT0000489,ACCT0021,PER202408,CIT,BILL,287289.41,KES,2024-08-01,FROZEN
FT0000490,ACCT0021,PER202408,CIT,PAY,-239005.76,KES,2024-08-05,FROZEN
FT0000491,ACCT0021,PER202305,CIT,BILL,277179.26,KES,2023-05-01,FROZEN
FT0000492,ACCT0021,PER202303,CIT,BILL,68688.38,KES,2023-03-01,FROZEN
FT0000493,ACCT0021,PER202303,CIT,PAY,-49724.82,KES,2023-03-22,FROZEN
FT0000494,ACCT0021,PER202304,CIT,BILL,76412.34,KES,2023-04-01,FROZEN
FT0000495,ACCT0021,PER202304,CIT,PAY,-56608.73,KES,2023-04-03,FROZEN
FT0000496,ACCT0021,PER202304,CIT,PEN,4867.74,KES,2023-05-21,FROZEN
FT0000497,ACCT0022,PER202410,CIT,BILL,422087.95,KES,2024-10-01,FROZEN
FT0000498,ACCT0022,PER202410,CIT,PAY,-339522.9,KES,2024-11-02,FROZEN
FT0000499,ACCT0022,PER202406,CIT,BILL,153396.33,KES,2024-06-01,FROZEN
FT0000500,ACCT0022,PER202210,CIT,BILL,490049.53,KES,2022-10-01,FROZEN
FT0000501,ACCT0022,PER202210,CIT,PAY,-479294.36,KES,2022-11-16,FROZEN
FT0000502,ACCT0022,PER202409,CIT,BILL,300470.26,KES,2024-09-01,FROZEN
FT0000503,ACCT0022,PER202409,CIT,PAY,-268426.48,KES,2024-10-20,FROZEN
FT0000504,ACCT0022,PER202209,CIT,BILL,30420.81,KES,2022-09-01,FROZEN
FT0000505,ACCT0022,PER202209,CIT,PAY,-24778.95,KES,2022-10-17,FROZEN
FT0000506,ACCT0022,PER202211,CIT,BILL,78148.98,KES,2022-11-01,FROZEN
FT0000507,ACCT0022,PER202211,CIT,PAY,-40554.81,KES,2022-12-15,FROZEN
FT0000508,ACCT0022,PER202211,CIT,PEN,4055.44,KES,2022-12-21,FROZEN
FT0000509,ACCT0022,PER202411,CIT,BILL,79958.47,KES,2024-11-01,FROZEN
FT0000510,ACCT0022,PER202411,CIT,PAY,-59667.12,KES,2024-12-20,FROZEN
FT0000511,ACCT0022,PER202308,CIT,BILL,424946.61,KES,2023-08-01,FROZEN
FT0000512,ACCT0022,PER202407,CIT,BILL,282638.95,KES,2024-07-01,FROZEN
FT0000513,ACCT0022,PER202206,CIT,BILL,478559.32,KES,2022-06-01,FROZEN
FT0000514,ACCT0022,PER202206,CIT,PAY,-392359.42,KES,2022-07-05,FROZEN
FT0000515,ACCT0022,PER202301,CIT,BILL,361857.66,KES,2023-01-01,FROZEN
FT0000516,ACCT0022,PER202301,CIT,PAY,-331457.27,KES,2023-02-09,FROZEN
FT0000517,ACCT0022,PER202405,CIT,BILL,143108.17,KES,2024-05-01,FROZEN
FT0000518,ACCT0022,PER202405,CIT,PAY,-152394.65,KES,2024-05-20,FROZEN
FT0000519,ACCT0022,PER202312,CIT,BILL,346668.76,KES,2023-12-01,FROZEN
FT0000520,ACCT0022,PER202312,CIT,PAY,-273134.09,KES,2024-01-05,FROZEN
FT0000521,ACCT0023,PER202307,VAT,BILL,25822.91,KES,2023-07-01,FROZEN
FT0000522,ACCT0023,PER202307,VAT,PEN,3677.21,KES,2023-08-21,FROZEN
FT0000523,ACCT0023,PER202208,VAT,BILL,374932.56,KES,2022-08-01,FROZEN
FT0000524,ACCT0023,PER202208,VAT,PAY,-373721.91,KES,2022-08-18,FROZEN
FT0000525,ACCT0023,PER202401,VAT,BILL,72950.11,KES,2024-01-01,FROZEN
FT0000526,ACCT0023,PER202401,VAT,PAY,-62160.66,KES,2024-01-16,FROZEN
FT0000527,ACCT0023,PER202401,VAT,PEN,10250.83,KES,2024-02-21,FROZEN
FT0000528,ACCT0023,PER202402,VAT,BILL,120254.1,KES,2024-02-01,FROZEN
FT0000529,ACCT0023,PER202402,VAT,PAY,-83958.55,KES,2024-03-02,FROZEN
FT0000530,ACCT0023,PER202402,VAT,PEN,15281.48,KES,2024-03-21,FROZEN
FT0000531,ACCT0023,PER202402,VAT,ADJ,1211.02,KES,2024-02-29,FROZEN
FT0000532,ACCT0023,PER202311,VAT,BILL,464904.34,KES,2023-11-01,FROZEN
FT0000533,ACCT0023,PER202311,VAT,PAY,-493272.46,KES,2023-12-01,FROZEN
FT0000534,ACCT0023,PER202407,VAT,BILL,482137.45,KES,2024-07-01,FROZEN
FT0000535,ACCT0023,PER202407,VAT,PAY,-427915.67,KES,2024-08-19,FROZEN
FT0000536,ACCT0023,PER202407,VAT,PEN,51787.99,KES,2024-08-21,FROZEN
FT0000537,ACCT0023,PER202410,VAT,BILL,362943.25,KES,2024-10-01,FROZEN
FT0000538,ACCT0023,PER202409,VAT,BILL,441711.26,KES,2024-09-01,FROZEN
FT0000539,ACCT0023,PER202409,VAT,PAY,-464583.46,KES,2024-09-26,FROZEN
FT0000540,ACCT0023,PER202205,VAT,BILL,375756.58,KES,2022-05-01,FROZEN
FT0000541,ACCT0023,PER202205,VAT,ADJ,-15151.09,KES,2022-05-31,FROZEN
FT0000542,ACCT0023,PER202210,VAT,BILL,303377.57,KES,2022-10-01,FROZEN
FT0000543,ACCT0024,PER202411,CIT,BILL,11971.68,KES,2024-11-01,FROZEN
FT0000544,ACCT0024,PER202411,CIT,PAY,-8105.0,KES,2024-12-14,FROZEN
FT0000545,ACCT0024,PER202410,CIT,BILL,428792.52,KES,2024-10-01,FROZEN
FT0000546,ACCT0024,PER202408,CIT,BILL,47935.2,KES,2024-08-01,FROZEN
FT0000547,ACCT0024,PER202408,CIT,PAY,-29282.11,KES,2024-08-09,FROZEN
FT0000548,ACCT0024,PER202209,CIT,BILL,8380.91,KES,2022-09-01,FROZEN
FT0000549,ACCT0024,PER202209,CIT,PAY,-6436.89,KES,2022-09-18,FROZEN
FT0000550,ACCT0024,PER202406,CIT,BILL,362826.85,KES,2024-06-01,FROZEN
FT0000551,ACCT0024,PER202406,CIT,PAY,-323717.75,KES,2024-07-15,FROZEN
FT0000552,ACCT0024,PER202409,CIT,BILL,235370.52,KES,2024-09-01,FROZEN
FT0000553,ACCT0024,PER202409,CIT,PAY,-214574.16,KES,2024-10-16,FROZEN
FT0000554,ACCT0024,PER202207,CIT,BILL,321162.11,KES,2022-07-01,FROZEN
FT0000555,ACCT0024,PER202402,CIT,BILL,478893.47,KES,2024-02-01,FROZEN
FT0000556,ACCT0024,PER202402,CIT,PAY,-370178.52,KES,2024-03-10,FROZEN
FT0000557,ACCT0024,PER202204,CIT,BILL,456834.46,KES,2022-04-01,FROZEN
FT0000558,ACCT0024,PER202211,CIT,BILL,382120.51,KES,2022-11-01,FROZEN
FT0000559,ACCT0024,PER202211,CIT,PAY,-327664.01,KES,2022-12-21,FROZEN
FT0000560,ACCT0024,PER202211,CIT,PEN,36177.18,KES,2022-12-21,FROZEN
FT0000561,ACCT0024,PER202206,CIT,BILL,43660.85,KES,2022-06-01,FROZEN
FT0000562,ACCT0024,PER202206,CIT,PAY,-23448.27,KES,2022-07-06,FROZEN
FT0000563,ACCT0024,PER202312,CIT,BILL,270646.78,KES,2023-12-01,FROZEN
FT0000564,ACCT0024,PER202312,CIT,PAY,-274081.72,KES,2023-12-29,FROZEN
FT0000565,ACCT0024,PER202312,CIT,PEN,19091.46,KES,2024-01-21,FROZEN
FT0000566,ACCT0024,PER202303,CIT,BILL,50016.11,KES,2023-03-01,FROZEN
FT0000567,ACCT0024,PER202303,CIT,PAY,-49276.63,KES,2023-03-30,FROZEN
FT0000568,ACCT0024,PER202303,CIT,PEN,4578.6,KES,2023-04-21,FROZEN
FT0000569,ACCT0024,PER202309,CIT,BILL,281604.61,KES,2023-09-01,FROZEN
FT0000570,ACCT0024,PER202309,CIT,PAY,-192871.49,KES,2023-09-02,FROZEN
FT0000571,ACCT0024,PER202407,CIT,BILL,374173.22,KES,2024-07-01,FROZEN
FT0000572,ACCT0024,PER202407,CIT,PAY,-197254.35,KES,2024-07-23,FROZEN
FT0000573,ACCT0024,PER202405,CIT,BILL,34826.54,KES,2024-05-01,FROZEN
FT0000574,ACCT0025,PER202403,VAT,BILL,190944.54,KES,2024-03-01,FROZEN
FT0000575,ACCT0025,PER202403,VAT,PAY,-171291.67,KES,2024-04-04,FROZEN
FT0000576,ACCT0025,PER202403,VAT,PEN,25973.93,KES,2024-04-21,FROZEN
FT0000577,ACCT0025,PER202212,VAT,BILL,496459.15,KES,2022-12-01,FROZEN
FT0000578,ACCT0025,PER202212,VAT,PAY,-286163.15,KES,2022-12-15,FROZEN
FT0000579,ACCT0025,PER202209,VAT,BILL,489352.89,KES,2022-09-01,FROZEN
FT0000580,ACCT0025,PER202209,VAT,PAY,-455810.87,KES,2022-09-28,FROZEN
FT0000581,ACCT0025,PER202412,VAT,BILL,127518.46,KES,2024-12-01,FROZEN
FT0000582,ACCT0025,PER202412,VAT,PAY,-84849.49,KES,2025-01-16,FROZEN
FT0000583,ACCT0025,PER202412,VAT,ADJ,4085.63,KES,2024-12-31,FROZEN
FT0000584,ACCT0025,PER202312,VAT,BILL,309386.99,KES,2023-12-01,FROZEN
FT0000585,ACCT0025,PER202405,VAT,BILL,38309.0,KES,2024-05-01,FROZEN
FT0000586,ACCT0025,PER202405,VAT,PAY,-29416.13,KES,2024-06-13,FROZEN
FT0000587,ACCT0025,PER202405,VAT,ADJ,1842.98,KES,2024-05-31,FROZEN
FT0000588,ACCT0025,PER202301,VAT,BILL,204121.35,KES,2023-01-01,FROZEN
FT0000589,ACCT0025,PER202301,VAT,PAY,-128670.25,KES,2023-02-19,FROZEN
FT0000590,ACCT0025,PER202301,VAT,PEN,20491.66,KES,2023-02-21,FROZEN
FT0000591,ACCT0025,PER202303,VAT,BILL,408814.2,KES,2023-03-01,FROZEN
FT0000592,ACCT0025,PER202404,VAT,BILL,337903.29,KES,2024-04-01,FROZEN
FT0000593,ACCT0025,PER202404,VAT,PAY,-230131.96,KES,2024-04-10,FROZEN
FT0000594,ACCT0025,PER202406,VAT,BILL,209712.3,KES,2024-06-01,FROZEN
FT0000595,ACCT0025,PER202406,VAT,PAY,-174906.53,KES,2024-07-08,FROZEN
FT0000596,ACCT0026,PER202404,PAYE,BILL,239391.82,KES,2024-04-01,FROZEN
FT0000597,ACCT0026,PER202408,PAYE,BILL,403859.2,KES,2024-08-01,FROZEN
FT0000598,ACCT0026,PER202204,PAYE,BILL,280856.95,KES,2022-04-01,FROZEN
FT0000599,ACCT0026,PER202204,PAYE,PAY,-181353.58,KES,2022-04-14,FROZEN
FT0000600,ACCT0026,PER202204,PAYE,ADJ,-2820.54,KES,2022-04-30,FROZEN
FT0000601,ACCT0026,PER202311,PAYE,BILL,188683.36,KES,2023-11-01,FROZEN
FT0000602,ACCT0026,PER202311,PAYE,PAY,-188238.78,KES,2023-11-04,FROZEN
FT0000603,ACCT0026,PER202401,PAYE,BILL,303446.41,KES,2024-01-01,FROZEN
FT0000604,ACCT0026,PER202401,PAYE,PEN,38285.72,KES,2024-02-21,FROZEN
FT0000605,ACCT0026,PER202402,PAYE,BILL,281630.99,KES,2024-02-01,FROZEN
FT0000606,ACCT0026,PER202402,PAYE,PAY,-287737.96,KES,2024-02-22,FROZEN
FT0000607,ACCT0026,PER202305,PAYE,BILL,109844.85,KES,2023-05-01,FROZEN
FT0000608,ACCT0026,PER202305,PAYE,PAY,-103790.76,KES,2023-06-17,FROZEN
FT0000609,ACCT0026,PER202211,PAYE,BILL,125083.63,KES,2022-11-01,FROZEN
FT0000610,ACCT0026,PER202211,PAYE,PAY,-77890.56,KES,2022-11-16,FROZEN
FT0000611,ACCT0026,PER202409,PAYE,BILL,193427.56,KES,2024-09-01,FROZEN
FT0000612,ACCT0026,PER202409,PAYE,PAY,-138408.2,KES,2024-09-17,FROZEN
FT0000613,ACCT0026,PER202302,PAYE,BILL,235672.01,KES,2023-02-01,FROZEN
FT0000614,ACCT0026,PER202403,PAYE,BILL,163515.48,KES,2024-03-01,FROZEN
FT0000615,ACCT0026,PER202403,PAYE,PAY,-112458.3,KES,2024-03-03,FROZEN
FT0000616,ACCT0026,PER202205,PAYE,BILL,77231.74,KES,2022-05-01,FROZEN
FT0000617,ACCT0026,PER202205,PAYE,PAY,-81931.67,KES,2022-06-07,FROZEN
FT0000618,ACCT0026,PER202210,PAYE,BILL,102114.93,KES,2022-10-01,FROZEN
FT0000619,ACCT0026,PER202210,PAYE,PAY,-85967.87,KES,2022-10-16,FROZEN
FT0000620,ACCT0026,PER202301,PAYE,BILL,343999.07,KES,2023-01-01,FROZEN
FT0000621,ACCT0026,PER202301,PAYE,PAY,-341575.65,KES,2023-02-16,FROZEN
FT0000622,ACCT0026,PER202206,PAYE,BILL,88275.65,KES,2022-06-01,FROZEN
FT0000623,ACCT0026,PER202206,PAYE,PEN,10772.4,KES,2022-07-21,FROZEN
FT0000624,ACCT0026,PER202306,PAYE,BILL,458865.2,KES,2023-06-01,FROZEN
FT0000625,ACCT0026,PER202306,PAYE,PAY,-406135.02,KES,2023-06-04,FROZEN
FT0000626,ACCT0027,PER202204,VAT,BILL,79759.68,KES,2022-04-01,FROZEN
FT0000627,ACCT0027,PER202204,VAT,PAY,-61702.55,KES,2022-04-04,FROZEN
FT0000628,ACCT0027,PER202201,VAT,BILL,310177.08,KES,2022-01-01,FROZEN
FT0000629,ACCT0027,PER202201,VAT,PAY,-245881.29,KES,2022-01-01,FROZEN
FT0000630,ACCT0027,PER202403,VAT,BILL,13279.44,KES,2024-03-01,FROZEN
FT0000631,ACCT0027,PER202209,VAT,BILL,253596.94,KES,2022-09-01,FROZEN
FT0000632,ACCT0027,PER202209,VAT,PAY,-192313.7,KES,2022-09-12,FROZEN
FT0000633,ACCT0027,PER202209,VAT,PEN,15122.34,KES,2022-10-21,FROZEN
FT0000634,ACCT0027,PER202303,VAT,BILL,100006.37,KES,2023-03-01,FROZEN
FT0000635,ACCT0027,PER202303,VAT,PAY,-98919.16,KES,2023-03-18,FROZEN
FT0000636,ACCT0027,PER202303,VAT,ADJ,9186.54,KES,2023-03-31,FROZEN
FT0000637,ACCT0027,PER202203,VAT,BILL,232203.88,KES,2022-03-01,FROZEN
FT0000638,ACCT0027,PER202203,VAT,PAY,-213242.53,KES,2022-03-20,FROZEN
FT0000639,ACCT0027,PER202311,VAT,BILL,328599.18,KES,2023-11-01,FROZEN
FT0000640,ACCT0027,PER202311,VAT,ADJ,-7934.75,KES,2023-11-30,FROZEN
FT0000641,ACCT0028,PER202407,VAT,BILL,459980.35,KES,2024-07-01,FROZEN
FT0000642,ACCT0028,PER202407,VAT,PAY,-478730.89,KES,2024-08-14,FROZEN
FT0000643,ACCT0028,PER202204,VAT,BILL,28048.18,KES,2022-04-01,FROZEN
FT0000644,ACCT0028,PER202204,VAT,PAY,-29600.67,KES,2022-05-05,FROZEN
FT0000645,ACCT0028,PER202204,VAT,ADJ,2405.22,KES,2022-04-30,FROZEN
FT0000646,ACCT0028,PER202201,VAT,BILL,160669.92,KES,2022-01-01,FROZEN
FT0000647,ACCT0028,PER202211,VAT,BILL,357792.14,KES,2022-11-01,FROZEN
FT0000648,ACCT0028,PER202211,VAT,PAY,-195412.65,KES,2022-11-11,FROZEN
FT0000649,ACCT0028,PER202206,VAT,BILL,425474.0,KES,2022-06-01,FROZEN
FT0000650,ACCT0028,PER202206,VAT,PAY,-350734.16,KES,2022-06-25,FROZEN
FT0000651,ACCT0028,PER202304,VAT,BILL,494296.59,KES,2023-04-01,FROZEN
FT0000652,ACCT0028,PER202404,VAT,BILL,31579.73,KES,2024-04-01,FROZEN
FT0000653,ACCT0028,PER202404,VAT,PAY,-31680.94,KES,2024-04-22,FROZEN
FT0000654,ACCT0028,PER202302,VAT,BILL,299826.29,KES,2023-02-01,FROZEN
FT0000655,ACCT0028,PER202309,VAT,BILL,392856.33,KES,2023-09-01,FROZEN
FT0000656,ACCT0028,PER202309,VAT,PAY,-250203.53,KES,2023-10-06,FROZEN
FT0000657,ACCT0028,PER202402,VAT,BILL,341448.95,KES,2024-02-01,FROZEN
FT0000658,ACCT0028,PER202402,VAT,PAY,-188280.57,KES,2024-03-11,FROZEN
FT0000659,ACCT0028,PER202409,VAT,BILL,41385.81,KES,2024-09-01,FROZEN
FT0000660,ACCT0028,PER202409,VAT,PAY,-30128.87,KES,2024-10-21,FROZEN
FT0000661,ACCT0028,PER202307,VAT,BILL,161755.72,KES,2023-07-01,FROZEN
FT0000662,ACCT0028,PER202307,VAT,PAY,-81382.07,KES,2023-07-20,FROZEN
FT0000663,ACCT0028,PER202411,VAT,BILL,55604.55,KES,2024-11-01,FROZEN
FT0000664,ACCT0028,PER202411,VAT,PAY,-42180.93,KES,2024-12-06,FROZEN
FT0000665,ACCT0028,PER202305,VAT,BILL,17999.64,KES,2023-05-01,FROZEN
FT0000666,ACCT0028,PER202305,VAT,PAY,-10004.89,KES,2023-06-08,FROZEN
FT0000667,ACCT0029,PER202307,VAT,BILL,262946.74,KES,2023-07-01,FROZEN
FT0000668,ACCT0029,PER202307,VAT,PAY,-158215.33,KES,2023-07-18,FROZEN
FT0000669,ACCT0029,PER202403,VAT,BILL,36317.24,KES,2024-03-01,FROZEN
FT0000670,ACCT0029,PER202403,VAT,PAY,-27334.58,KES,2024-03-31,FROZEN
FT0000671,ACCT0029,PER202401,VAT,BILL,472390.04,KES,2024-01-01,FROZEN
FT0000672,ACCT0029,PER202206,VAT,BILL,231641.51,KES,2022-06-01,FROZEN
FT0000673,ACCT0029,PER202206,VAT,PAY,-116761.32,KES,2022-06-26,FROZEN
FT0000674,ACCT0029,PER202304,VAT,BILL,403017.85,KES,2023-04-01,FROZEN
FT0000675,ACCT0029,PER202304,VAT,PAY,-282451.73,KES,2023-05-12,FROZEN
FT0000676,ACCT0029,PER202412,VAT,BILL,163729.25,KES,2024-12-01,FROZEN
FT0000677,ACCT0030,PER202309,CIT,BILL,466373.24,KES,2023-09-01,FROZEN
FT0000678,ACCT0030,PER202309,CIT,PAY,-512245.22,KES,2023-09-12,FROZEN
FT0000679,ACCT0030,PER202307,CIT,BILL,476737.28,KES,2023-07-01,FROZEN
FT0000680,ACCT0030,PER202307,CIT,PAY,-440991.63,KES,2023-07-29,FROZEN
FT0000681,ACCT0030,PER202408,CIT,BILL,39233.54,KES,2024-08-01,FROZEN
FT0000682,ACCT0030,PER202304,CIT,BILL,73893.67,KES,2023-04-01,FROZEN
FT0000683,ACCT0030,PER202304,CIT,PAY,-48149.78,KES,2023-04-10,FROZEN
FT0000684,ACCT0030,PER202412,CIT,BILL,41612.74,KES,2024-12-01,FROZEN
FT0000685,ACCT0030,PER202301,CIT,BILL,255773.26,KES,2023-01-01,FROZEN
FT0000686,ACCT0030,PER202209,CIT,BILL,396406.85,KES,2022-09-01,FROZEN
FT0000687,ACCT0030,PER202209,CIT,PAY,-411193.19,KES,2022-10-05,FROZEN
FT0000688,ACCT0030,PER202403,CIT,BILL,59137.87,KES,2024-03-01,FROZEN
FT0000689,ACCT0030,PER202403,CIT,PAY,-53154.08,KES,2024-03-11,FROZEN
FT0000690,ACCT0030,PER202403,CIT,ADJ,5719.91,KES,2024-03-31,FROZEN
FT0000691,ACCT0030,PER202402,CIT,BILL,340348.59,KES,2024-02-01,FROZEN
FT0000692,ACCT0030,PER202402,CIT,PAY,-323879.01,KES,2024-02-28,FROZEN
FT0000693,ACCT0030,PER202402,CIT,PEN,20373.49,KES,2024-03-21,FROZEN
FT0000694,ACCT0030,PER202407,CIT,BILL,374692.25,KES,2024-07-01,FROZEN
FT0000695,ACCT0030,PER202407,CIT,PAY,-341943.64,KES,2024-07-15,FROZEN
FT0000696,ACCT0030,PER202212,CIT,BILL,387309.41,KES,2022-12-01,FROZEN
FT0000697,ACCT0030,PER202212,CIT,PAY,-309955.77,KES,2022-12-23,FROZEN
FT0000698,ACCT0030,PER202204,CIT,BILL,151238.95,KES,2022-04-01,FROZEN
FT0000699,ACCT0030,PER202204,CIT,PEN,20134.71,KES,2022-05-21,FROZEN
FT0000700,ACCT0031,PER202308,CIT,BILL,228961.36,KES,2023-08-01,FROZEN
FT0000701,ACCT0031,PER202308,CIT,PAY,-120619.1,KES,2023-09-15,FROZEN
FT0000702,ACCT0031,PER202308,CIT,PEN,30891.01,KES,2023-09-21,FROZEN
FT0000703,ACCT0031,PER202310,CIT,BILL,340183.97,KES,2023-10-01,FROZEN
FT0000704,ACCT0031,PER202310,CIT,PAY,-370916.29,KES,2023-10-16,FROZEN
FT0000705,ACCT0031,PER202406,CIT,BILL,168839.88,KES,2024-06-01,FROZEN
FT0000706,ACCT0031,PER202406,CIT,PAY,-131227.84,KES,2024-06-26,FROZEN
FT0000707,ACCT0031,PER202302,CIT,BILL,330367.42,KES,2023-02-01,FROZEN
FT0000708,ACCT0031,PER202302,CIT,PAY,-311349.17,KES,2023-02-13,FROZEN
FT0000709,ACCT0031,PER202407,CIT,BILL,7202.77,KES,2024-07-01,FROZEN
FT0000710,ACCT0031,PER202407,CIT,PAY,-4804.3,KES,2024-08-15,FROZEN
FT0000711,ACCT0031,PER202407,CIT,ADJ,-573.7,KES,2024-07-31,FROZEN
FT0000712,ACCT0031,PER202212,CIT,BILL,436629.77,KES,2022-12-01,FROZEN
FT0000713,ACCT0031,PER202212,CIT,PAY,-303715.72,KES,2022-12-30,FROZEN
FT0000714,ACCT0031,PER202212,CIT,PEN,51116.31,KES,2023-01-21,FROZEN
FT0000715,ACCT0031,PER202304,CIT,BILL,483128.62,KES,2023-04-01,FROZEN
FT0000716,ACCT0031,PER202304,CIT,PAY,-354221.96,KES,2023-04-26,FROZEN
FT0000717,ACCT0031,PER202204,CIT,BILL,423531.31,KES,2022-04-01,FROZEN
FT0000718,ACCT0031,PER202204,CIT,PAY,-418551.83,KES,2022-05-16,FROZEN
FT0000719,ACCT0031,PER202303,CIT,BILL,297133.34,KES,2023-03-01,FROZEN
FT0000720,ACCT0031,PER202303,CIT,PAY,-204401.43,KES,2023-03-16,FROZEN
FT0000721,ACCT0031,PER202312,CIT,BILL,348251.09,KES,2023-12-01,FROZEN
FT0000722,ACCT0031,PER202312,CIT,PAY,-261516.88,KES,2023-12-09,FROZEN
FT0000723,ACCT0031,PER202311,CIT,BILL,245901.76,KES,2023-11-01,FROZEN
FT0000724,ACCT0031,PER202311,CIT,PAY,-258564.86,KES,2023-11-12,FROZEN
FT0000725,ACCT0032,PER202212,PAYE,BILL,72584.68,KES,2022-12-01,FROZEN
FT0000726,ACCT0032,PER202309,PAYE,BILL,250010.07,KES,2023-09-01,FROZEN
FT0000727,ACCT0032,PER202309,PAYE,PAY,-187352.11,KES,2023-09-29,FROZEN
FT0000728,ACCT0032,PER202309,PAYE,ADJ,-23457.91,KES,2023-09-30,FROZEN
FT0000729,ACCT0032,PER202405,PAYE,BILL,381723.03,KES,2024-05-01,FROZEN
FT0000730,ACCT0032,PER202405,PAYE,PAY,-253812.13,KES,2024-06-04,FROZEN
FT0000731,ACCT0032,PER202204,PAYE,BILL,284996.98,KES,2022-04-01,FROZEN
FT0000732,ACCT0032,PER202311,PAYE,BILL,288493.46,KES,2023-11-01,FROZEN
FT0000733,ACCT0032,PER202311,PAYE,PAY,-238256.28,KES,2023-11-24,FROZEN
FT0000734,ACCT0032,PER202407,PAYE,BILL,381202.04,KES,2024-07-01,FROZEN
FT0000735,ACCT0032,PER202407,PAYE,PAY,-240586.2,KES,2024-07-28,FROZEN
FT0000736,ACCT0032,PER202407,PAYE,PEN,50702.57,KES,2024-08-21,FROZEN
FT0000737,ACCT0032,PER202201,PAYE,BILL,152365.92,KES,2022-01-01,FROZEN
FT0000738,ACCT0032,PER202304,PAYE,BILL,409280.65,KES,2023-04-01,FROZEN
FT0000739,ACCT0032,PER202304,PAYE,PAY,-448724.91,KES,2023-05-20,FROZEN
FT0000740,ACCT0033,PER202311,VAT,BILL,489605.08,KES,2023-11-01,FROZEN
FT0000741,ACCT0033,PER202311,VAT,PAY,-413051.09,KES,2023-12-03,FROZEN
FT0000742,ACCT0033,PER202404,VAT,BILL,52136.46,KES,2024-04-01,FROZEN
FT0000743,ACCT0033,PER202211,VAT,BILL,496280.68,KES,2022-11-01,FROZEN
FT0000744,ACCT0033,PER202211,VAT,PEN,67795.85,KES,2022-12-21,FROZEN
FT0000745,ACCT0033,PER202209,VAT,BILL,357140.45,KES,2022-09-01,FROZEN
FT0000746,ACCT0033,PER202302,VAT,BILL,247282.07,KES,2023-02-01,FROZEN
FT0000747,ACCT0033,PER202302,VAT,PAY,-163510.4,KES,2023-02-27,FROZEN
FT0000748,ACCT0033,PER202302,VAT,ADJ,14569.79,KES,2023-02-28,FROZEN
FT0000749,ACCT0033,PER202403,VAT,BILL,385597.7,KES,2024-03-01,FROZEN
FT0000750,ACCT0033,PER202403,VAT,PAY,-366272.09,KES,2024-04-14,FROZEN
FT0000751,ACCT0033,PER202207,VAT,BILL,475375.77,KES,2022-07-01,FROZEN
FT0000752,ACCT0033,PER202207,VAT,PAY,-238393.27,KES,2022-08-19,FROZEN
FT0000753,ACCT0033,PER202207,VAT,ADJ,44889.76,KES,2022-07-31,FROZEN
FT0000754,ACCT0033,PER202402,VAT,BILL,319246.07,KES,2024-02-01,FROZEN
FT0000755,ACCT0033,PER202402,VAT,PAY,-322458.88,KES,2024-03-06,FROZEN
FT0000756,ACCT0033,PER202202,VAT,BILL,413299.59,KES,2022-02-01,FROZEN
FT0000757,ACCT0033,PER202202,VAT,PAY,-286713.82,KES,2022-02-19,FROZEN
FT0000758,ACCT0033,PER202307,VAT,BILL,285240.34,KES,2023-07-01,FROZEN
FT0000759,ACCT0033,PER202307,VAT,PAY,-201449.21,KES,2023-08-13,FROZEN
FT0000760,ACCT0033,PER202307,VAT,ADJ,7198.3,KES,2023-07-31,FROZEN
FT0000761,ACCT0033,PER202212,VAT,BILL,419167.58,KES,2022-12-01,FROZEN
FT0000762,ACCT0033,PER202212,VAT,PAY,-443336.67,KES,2022-12-11,FROZEN
FT0000763,ACCT0033,PER202212,VAT,ADJ,38398.41,KES,2022-12-31,FROZEN
FT0000764,ACCT0033,PER202306,VAT,BILL,105147.51,KES,2023-06-01,FROZEN
FT0000765,ACCT0033,PER202306,VAT,PAY,-60895.95,KES,2023-07-12,FROZEN
FT0000766,ACCT0033,PER202409,VAT,BILL,438914.54,KES,2024-09-01,FROZEN
FT0000767,ACCT0033,PER202409,VAT,PAY,-314377.47,KES,2024-09-06,FROZEN
FT0000768,ACCT0033,PER202308,VAT,BILL,86934.91,KES,2023-08-01,FROZEN
FT0000769,ACCT0033,PER202308,VAT,PAY,-59403.11,KES,2023-09-14,FROZEN
FT0000770,ACCT0033,PER202401,VAT,BILL,50143.6,KES,2024-01-01,FROZEN
FT0000771,ACCT0033,PER202401,VAT,PAY,-31492.82,KES,2024-01-05,FROZEN
FT0000772,ACCT0033,PER202401,VAT,PEN,3641.38,KES,2024-02-21,FROZEN
FT0000773,ACCT0033,PER202206,VAT,BILL,9597.04,KES,2022-06-01,FROZEN
FT0000774,ACCT0033,PER202206,VAT,PAY,-9503.62,KES,2022-06-28,FROZEN
FT0000775,ACCT0033,PER202410,VAT,BILL,118328.7,KES,2024-10-01,FROZEN
FT0000776,ACCT0033,PER202410,VAT,PAY,-116385.04,KES,2024-10-07,FROZEN
FT0000777,ACCT0034,PER202401,VAT,BILL,222849.21,KES,2024-01-01,FROZEN
FT0000778,ACCT0034,PER202209,VAT,BILL,208796.4,KES,2022-09-01,FROZEN
FT0000779,ACCT0034,PER202209,VAT,PAY,-212132.45,KES,2022-09-06,FROZEN
FT0000780,ACCT0034,PER202210,VAT,BILL,65962.83,KES,2022-10-01,FROZEN
FT0000781,ACCT0034,PER202205,VAT,BILL,396582.95,KES,2022-05-01,FROZEN
FT0000782,ACCT0034,PER202205,VAT,PAY,-351678.79,KES,2022-05-16,FROZEN
FT0000783,ACCT0034,PER202201,VAT,BILL,305758.58,KES,2022-01-01,FROZEN
FT0000784,ACCT0034,PER202308,VAT,BILL,330910.66,KES,2023-08-01,FROZEN
FT0000785,ACCT0034,PER202308,VAT,PAY,-268252.55,KES,2023-09-02,FROZEN
FT0000786,ACCT0034,PER202308,VAT,PEN,29508.99,KES,2023-09-21,FROZEN
FT0000787,ACCT0034,PER202309,VAT,BILL,392981.79,KES,2023-09-01,FROZEN
FT0000788,ACCT0034,PER202206,VAT,BILL,124335.47,KES,2022-06-01,FROZEN
FT0000789,ACCT0034,PER202206,VAT,PAY,-67465.32,KES,2022-06-01,FROZEN
FT0000790,ACCT0035,PER202401,CIT,BILL,13261.25,KES,2024-01-01,FROZEN
FT0000791,ACCT0035,PER202401,CIT,PAY,-8716.77,KES,2024-01-03,FROZEN
FT0000792,ACCT0035,PER202403,CIT,BILL,201997.64,KES,2024-03-01,FROZEN
FT0000793,ACCT0035,PER202403,CIT,PAY,-187368.45,KES,2024-04-19,FROZEN
FT0000794,ACCT0035,PER202312,CIT,BILL,45801.77,KES,2023-12-01,FROZEN
FT0000795,ACCT0035,PER202312,CIT,PAY,-39830.51,KES,2023-12-18,FROZEN
FT0000796,ACCT0035,PER202312,CIT,PEN,2652.02,KES,2024-01-21,FROZEN
FT0000797,ACCT0035,PER202212,CIT,BILL,487285.13,KES,2022-12-01,FROZEN
FT0000798,ACCT0035,PER202212,CIT,PAY,-339174.9,KES,2023-01-07,FROZEN
FT0000799,ACCT0035,PER202407,CIT,BILL,342122.56,KES,2024-07-01,FROZEN
FT0000800,ACCT0035,PER202407,CIT,PAY,-314480.95,KES,2024-08-16,FROZEN
FT0000801,ACCT0035,PER202408,CIT,BILL,126017.48,KES,2024-08-01,FROZEN
FT0000802,ACCT0035,PER202408,CIT,PEN,14016.88,KES,2024-09-21,FROZEN
FT0000803,ACCT0035,PER202408,CIT,ADJ,4185.79,KES,2024-08-31,FROZEN
FT0000804,ACCT0035,PER202412,CIT,BILL,330735.92,KES,2024-12-01,FROZEN
FT0000805,ACCT0035,PER202412,CIT,PAY,-167881.22,KES,2024-12-09,FROZEN
FT0000806,ACCT0035,PER202203,CIT,BILL,476743.02,KES,2022-03-01,FROZEN
FT0000807,ACCT0035,PER202203,CIT,PAY,-462341.69,KES,2022-04-16,FROZEN
FT0000808,ACCT0036,PER202306,CIT,BILL,32442.36,KES,2023-06-01,FROZEN
FT0000809,ACCT0036,PER202306,CIT,PEN,2132.47,KES,2023-07-21,FROZEN
FT0000810,ACCT0036,PER202208,CIT,BILL,447662.87,KES,2022-08-01,FROZEN
FT0000811,ACCT0036,PER202208,CIT,PAY,-254809.78,KES,2022-09-17,FROZEN
FT0000812,ACCT0036,PER202208,CIT,ADJ,32493.92,KES,2022-08-31,FROZEN
FT0000813,ACCT0036,PER202202,CIT,BILL,126052.97,KES,2022-02-01,FROZEN
FT0000814,ACCT0036,PER202202,CIT,PAY,-91991.91,KES,2022-02-10,FROZEN
FT0000815,ACCT0036,PER202202,CIT,PEN,18408.05,KES,2022-03-21,FROZEN
FT0000816,ACCT0036,PER202202,CIT,ADJ,7641.72,KES,2022-02-28,FROZEN
FT0000817,ACCT0036,PER202310,CIT,BILL,358440.3,KES,2023-10-01,FROZEN
FT0000818,ACCT0036,PER202310,CIT,PAY,-227505.35,KES,2023-10-16,FROZEN
FT0000819,ACCT0036,PER202404,CIT,BILL,139272.69,KES,2024-04-01,FROZEN
FT0000820,ACCT0036,PER202404,CIT,PAY,-100789.54,KES,2024-05-03,FROZEN
FT0000821,ACCT0036,PER202404,CIT,ADJ,-7710.55,KES,2024-04-30,FROZEN
FT0000822,ACCT0036,PER202209,CIT,BILL,260308.19,KES,2022-09-01,FROZEN
FT0000823,ACCT0036,PER202209,CIT,PAY,-192772.51,KES,2022-09-30,FROZEN
FT0000824,ACCT0036,PER202305,CIT,BILL,158795.4,KES,2023-05-01,FROZEN
FT0000825,ACCT0036,PER202305,CIT,PAY,-122915.22,KES,2023-05-24,FROZEN
FT0000826,ACCT0036,PER202203,CIT,BILL,155435.11,KES,2022-03-01,FROZEN
FT0000827,ACCT0036,PER202203,CIT,PAY,-120983.85,KES,2022-04-07,FROZEN
FT0000828,ACCT0036,PER202407,CIT,BILL,389063.55,KES,2024-07-01,FROZEN
FT0000829,ACCT0036,PER202311,CIT,BILL,79530.36,KES,2023-11-01,FROZEN
FT0000830,ACCT0036,PER202311,CIT,PEN,8283.45,KES,2023-12-21,FROZEN
FT0000831,ACCT0036,PER202307,CIT,BILL,348263.1,KES,2023-07-01,FROZEN
FT0000832,ACCT0036,PER202307,CIT,PAY,-244136.06,KES,2023-08-18,FROZEN
FT0000833,ACCT0036,PER202309,CIT,BILL,364971.44,KES,2023-09-01,FROZEN
FT0000834,ACCT0036,PER202309,CIT,PAY,-298506.01,KES,2023-09-16,FROZEN
FT0000835,ACCT0036,PER202405,CIT,BILL,486416.82,KES,2024-05-01,FROZEN
FT0000836,ACCT0036,PER202405,CIT,PAY,-324875.44,KES,2024-05-03,FROZEN
FT0000837,ACCT0036,PER202304,CIT,BILL,262280.81,KES,2023-04-01,FROZEN
FT0000838,ACCT0036,PER202303,CIT,BILL,47026.7,KES,2023-03-01,FROZEN
FT0000839,ACCT0036,PER202303,CIT,PAY,-27280.58,KES,2023-03-26,FROZEN
FT0000840,ACCT0036,PER202303,CIT,PEN,5021.61,KES,2023-04-21,FROZEN
FT0000841,ACCT0036,PER202406,CIT,BILL,482288.05,KES,2024-06-01,FROZEN
FT0000842,ACCT0036,PER202406,CIT,PAY,-316667.71,KES,2024-06-21,FROZEN
FT0000843,ACCT0036,PER202212,CIT,BILL,416790.42,KES,2022-12-01,FROZEN
FT0000844,ACCT0036,PER202212,CIT,PAY,-321618.29,KES,2022-12-15,FROZEN
FT0000845,ACCT0036,PER202212,CIT,PEN,29288.39,KES,2023-01-21,FROZEN
FT0000846,ACCT0037,PER202207,CIT,BILL,234356.56,KES,2022-07-01,FROZEN
FT0000847,ACCT0037,PER202207,CIT,PEN,30644.39,KES,2022-08-21,FROZEN
FT0000848,ACCT0037,PER202210,CIT,BILL,353828.88,KES,2022-10-01,FROZEN
FT0000849,ACCT0037,PER202210,CIT,PAY,-222562.78,KES,2022-10-21,FROZEN
FT0000850,ACCT0037,PER202210,CIT,PEN,42854.25,KES,2022-11-21,FROZEN
FT0000851,ACCT0037,PER202412,CIT,BILL,201141.01,KES,2024-12-01,FROZEN
FT0000852,ACCT0037,PER202412,CIT,PAY,-136635.98,KES,2024-12-12,FROZEN
FT0000853,ACCT0037,PER202412,CIT,PEN,18191.04,KES,2025-01-21,FROZEN
FT0000854,ACCT0037,PER202211,CIT,BILL,375298.83,KES,2022-11-01,FROZEN
FT0000855,ACCT0037,PER202211,CIT,PAY,-291691.99,KES,2022-12-21,FROZEN
FT0000856,ACCT0037,PER202211,CIT,PEN,19213.68,KES,2022-12-21,FROZEN
FT0000857,ACCT0037,PER202405,CIT,BILL,491370.78,KES,2024-05-01,FROZEN
FT0000858,ACCT0037,PER202405,CIT,PAY,-488522.82,KES,2024-05-24,FROZEN
FT0000859,ACCT0037,PER202303,CIT,BILL,46599.51,KES,2023-03-01,FROZEN
FT0000860,ACCT0037,PER202303,CIT,PAY,-48950.79,KES,2023-03-05,FROZEN
FT0000861,ACCT0037,PER202303,CIT,PEN,2630.41,KES,2023-04-21,FROZEN
FT0000862,ACCT0037,PER202409,CIT,BILL,224498.51,KES,2024-09-01,FROZEN
FT0000863,ACCT0037,PER202409,CIT,PAY,-234162.45,KES,2024-09-22,FROZEN
FT0000864,ACCT0037,PER202409,CIT,PEN,32378.99,KES,2024-10-21,FROZEN
FT0000865,ACCT0037,PER202409,CIT,ADJ,19043.39,KES,2024-09-30,FROZEN
FT0000866,ACCT0037,PER202302,CIT,BILL,219412.41,KES,2023-02-01,FROZEN
FT0000867,ACCT0037,PER202204,CIT,BILL,216198.69,KES,2022-04-01,FROZEN
FT0000868,ACCT0037,PER202204,CIT,PAY,-225923.85,KES,2022-04-18,FROZEN
FT0000869,ACCT0037,PER202306,CIT,BILL,22151.47,KES,2023-06-01,FROZEN
FT0000870,ACCT0037,PER202306,CIT,PAY,-14342.43,KES,2023-06-19,FROZEN
FT0000871,ACCT0037,PER202212,CIT,BILL,242120.31,KES,2022-12-01,FROZEN
FT0000872,ACCT0037,PER202212,CIT,PAY,-176701.62,KES,2022-12-27,FROZEN
FT0000873,ACCT0037,PER202212,CIT,PEN,33525.25,KES,2023-01-21,FROZEN
FT0000874,ACCT0037,PER202401,CIT,BILL,317223.42,KES,2024-01-01,FROZEN
FT0000875,ACCT0037,PER202410,CIT,BILL,392048.3,KES,2024-10-01,FROZEN
FT0000876,ACCT0037,PER202410,CIT,PAY,-324110.52,KES,2024-11-01,FROZEN
FT0000877,ACCT0037,PER202407,CIT,BILL,164194.19,KES,2024-07-01,FROZEN
FT0000878,ACCT0037,PER202407,CIT,PAY,-84664.73,KES,2024-08-08,FROZEN
FT0000879,ACCT0037,PER202411,CIT,BILL,390376.45,KES,2024-11-01,FROZEN
FT0000880,ACCT0037,PER202411,CIT,PAY,-427430.51,KES,2024-12-04,FROZEN
FT0000881,ACCT0038,PER202211,CIT,BILL,32674.78,KES,2022-11-01,FROZEN
FT0000882,ACCT0038,PER202207,CIT,BILL,399708.39,KES,2022-07-01,FROZEN
FT0000883,ACCT0038,PER202207,CIT,PAY,-401120.7,KES,2022-07-12,FROZEN
FT0000884,ACCT0038,PER202207,CIT,PEN,43668.92,KES,2022-08-21,FROZEN
FT0000885,ACCT0038,PER202304,CIT,BILL,350325.15,KES,2023-04-01,FROZEN
FT0000886,ACCT0038,PER202304,CIT,PEN,42058.66,KES,2023-05-21,FROZEN
FT0000887,ACCT0038,PER202410,CIT,BILL,283985.21,KES,2024-10-01,FROZEN
FT0000888,ACCT0038,PER202410,CIT,PAY,-174065.95,KES,2024-11-21,FROZEN
FT0000889,ACCT0038,PER202306,CIT,BILL,157981.27,KES,2023-06-01,FROZEN
FT0000890,ACCT0038,PER202306,CIT,PAY,-87546.02,KES,2023-06-15,FROZEN
FT0000891,ACCT0038,PER202306,CIT,ADJ,-695.47,KES,2023-06-30,FROZEN
FT0000892,ACCT0038,PER202408,CIT,BILL,169208.33,KES,2024-08-01,FROZEN
FT0000893,ACCT0038,PER202408,CIT,PAY,-166478.53,KES,2024-08-22,FROZEN
FT0000894,ACCT0038,PER202403,CIT,BILL,422920.62,KES,2024-03-01,FROZEN
FT0000895,ACCT0038,PER202403,CIT,PAY,-217020.76,KES,2024-04-07,FROZEN
FT0000896,ACCT0038,PER202402,CIT,BILL,59905.69,KES,2024-02-01,FROZEN
FT0000897,ACCT0038,PER202402,CIT,PAY,-43068.23,KES,2024-02-05,FROZEN
FT0000898,ACCT0038,PER202312,CIT,BILL,200819.8,KES,2023-12-01,FROZEN
FT0000899,ACCT0038,PER202312,CIT,PAY,-136770.15,KES,2023-12-09,FROZEN
FT0000900,ACCT0039,PER202408,CIT,BILL,345806.73,KES,2024-08-01,FROZEN
FT0000901,ACCT0039,PER202408,CIT,PAY,-324124.15,KES,2024-09-14,FROZEN
FT0000902,ACCT0039,PER202309,CIT,BILL,497170.15,KES,2023-09-01,FROZEN
FT0000903,ACCT0039,PER202309,CIT,PEN,54807.47,KES,2023-10-21,FROZEN
FT0000904,ACCT0039,PER202212,CIT,BILL,483928.18,KES,2022-12-01,FROZEN
FT0000905,ACCT0039,PER202212,CIT,PAY,-406175.51,KES,2023-01-01,FROZEN
FT0000906,ACCT0039,PER202212,CIT,PEN,60265.67,KES,2023-01-21,FROZEN
FT0000907,ACCT0039,PER202311,CIT,BILL,491277.93,KES,2023-11-01,FROZEN
FT0000908,ACCT0039,PER202311,CIT,PAY,-506601.95,KES,2023-11-06,FROZEN
FT0000909,ACCT0039,PER202303,CIT,BILL,365996.54,KES,2023-03-01,FROZEN
FT0000910,ACCT0039,PER202303,CIT,PAY,-185500.72,KES,2023-03-14,FROZEN
FT0000911,ACCT0039,PER202303,CIT,ADJ,-17812.47,KES,2023-03-31,FROZEN
FT0000912,ACCT0039,PER202310,CIT,BILL,58477.13,KES,2023-10-01,FROZEN
FT0000913,ACCT0039,PER202310,CIT,PAY,-42779.66,KES,2023-11-16,FROZEN
FT0000914,ACCT0039,PER202307,CIT,BILL,209939.49,KES,2023-07-01,FROZEN
FT0000915,ACCT0039,PER202403,CIT,BILL,415259.45,KES,2024-03-01,FROZEN
FT0000916,ACCT0039,PER202206,CIT,BILL,116663.45,KES,2022-06-01,FROZEN
FT0000917,ACCT0039,PER202206,CIT,PAY,-114273.8,KES,2022-06-03,FROZEN
FT0000918,ACCT0039,PER202301,CIT,BILL,476072.76,KES,2023-01-01,FROZEN
FT0000919,ACCT0039,PER202301,CIT,PAY,-286625.85,KES,2023-01-25,FROZEN
FT0000920,ACCT0039,PER202301,CIT,PEN,27374.3,KES,2023-02-21,FROZEN
FT0000921,ACCT0039,PER202210,CIT,BILL,489130.55,KES,2022-10-01,FROZEN
FT0000922,ACCT0039,PER202210,CIT,PAY,-533722.46,KES,2022-10-31,FROZEN
FT0000923,ACCT0039,PER202312,CIT,BILL,328549.41,KES,2023-12-01,FROZEN
FT0000924,ACCT0039,PER202312,CIT,PAY,-249868.47,KES,2023-12-04,FROZEN
FT0000925,ACCT0039,PER202312,CIT,PEN,23180.82,KES,2024-01-21,FROZEN
FT0000926,ACCT0040,PER202412,PAYE,BILL,48376.04,KES,2024-12-01,FROZEN
FT0000927,ACCT0040,PER202411,PAYE,BILL,53008.51,KES,2024-11-01,FROZEN
FT0000928,ACCT0040,PER202411,PAYE,PAY,-46801.98,KES,2024-11-06,FROZEN
FT0000929,ACCT0040,PER202305,PAYE,BILL,393513.9,KES,2023-05-01,FROZEN
FT0000930,ACCT0040,PER202305,PAYE,PAY,-408044.99,KES,2023-05-17,FROZEN
FT0000931,ACCT0040,PER202305,PAYE,PEN,41087.81,KES,2023-06-21,FROZEN
FT0000932,ACCT0040,PER202307,PAYE,BILL,443318.88,KES,2023-07-01,FROZEN
FT0000933,ACCT0040,PER202307,PAYE,PAY,-340231.8,KES,2023-07-17,FROZEN
FT0000934,ACCT0040,PER202308,PAYE,BILL,419353.98,KES,2023-08-01,FROZEN
FT0000935,ACCT0040,PER202308,PAYE,PAY,-247703.34,KES,2023-09-14,FROZEN
FT0000936,ACCT0040,PER202308,PAYE,ADJ,-13101.34,KES,2023-08-31,FROZEN
FT0000937,ACCT0040,PER202208,PAYE,BILL,273017.26,KES,2022-08-01,FROZEN
FT0000938,ACCT0040,PER202204,PAYE,BILL,421194.6,KES,2022-04-01,FROZEN
FT0000939,ACCT0040,PER202202,PAYE,BILL,434112.54,KES,2022-02-01,FROZEN
FT0000940,ACCT0040,PER202202,PAYE,PAY,-446698.47,KES,2022-03-03,FROZEN
FT0000941,ACCT0040,PER202301,PAYE,BILL,427700.21,KES,2023-01-01,FROZEN
FT0000942,ACCT0040,PER202301,PAYE,PAY,-360436.64,KES,2023-02-03,FROZEN
FT0000943,ACCT0040,PER202409,PAYE,BILL,312035.19,KES,2024-09-01,FROZEN
FT0000944,ACCT0040,PER202409,PAYE,PAY,-297779.32,KES,2024-09-12,FROZEN
FT0000945,ACCT0040,PER202306,PAYE,BILL,109885.63,KES,2023-06-01,FROZEN
FT0000946,ACCT0040,PER202306,PAYE,PAY,-57756.5,KES,2023-06-06,FROZEN
FT0000947,ACCT0040,PER202304,PAYE,BILL,498648.27,KES,2023-04-01,FROZEN
FT0000948,ACCT0040,PER202304,PAYE,PAY,-498880.08,KES,2023-04-17,FROZEN
FT0000949,ACCT0040,PER202205,PAYE,BILL,404635.12,KES,2022-05-01,FROZEN
FT0000950,ACCT0040,PER202205,PAYE,PAY,-337392.26,KES,2022-06-05,FROZEN
FT0000951,ACCT0040,PER202405,PAYE,BILL,231787.8,KES,2024-05-01,FROZEN
FT0000952,ACCT0040,PER202212,PAYE,BILL,263668.2,KES,2022-12-01,FROZEN
FT0000953,ACCT0040,PER202212,PAYE,PAY,-197399.27,KES,2022-12-10,FROZEN
FT0000954,ACCT0040,PER202201,PAYE,BILL,482591.67,KES,2022-01-01,FROZEN
FT0000955,ACCT0040,PER202201,PAYE,PAY,-271882.93,KES,2022-02-19,FROZEN
FT0000956,ACCT0040,PER202201,PAYE,PEN,37936.19,KES,2022-02-21,FROZEN
FT0000957,ACCT0040,PER202302,PAYE,BILL,175215.24,KES,2023-02-01,FROZEN
FT0000958,ACCT0040,PER202302,PAYE,PAY,-127876.65,KES,2023-03-04,FROZEN
FT0000959,ACCT0041,PER202306,CIT,BILL,169089.57,KES,2023-06-01,FROZEN
FT0000960,ACCT0041,PER202306,CIT,PAY,-160203.89,KES,2023-06-18,FROZEN
FT0000961,ACCT0041,PER202306,CIT,ADJ,10733.33,KES,2023-06-30,FROZEN
FT0000962,ACCT0041,PER202402,CIT,BILL,155012.2,KES,2024-02-01,FROZEN
FT0000963,ACCT0041,PER202402,CIT,PAY,-123230.29,KES,2024-03-16,FROZEN
FT0000964,ACCT0041,PER202210,CIT,BILL,117838.92,KES,2022-10-01,FROZEN
FT0000965,ACCT0041,PER202210,CIT,PAY,-111503.21,KES,2022-11-19,FROZEN
FT0000966,ACCT0041,PER202411,CIT,BILL,211302.5,KES,2024-11-01,FROZEN
FT0000967,ACCT0041,PER202411,CIT,PAY,-129478.02,KES,2024-11-14,FROZEN
FT0000968,ACCT0041,PER202203,CIT,BILL,244807.86,KES,2022-03-01,FROZEN
FT0000969,ACCT0041,PER202203,CIT,PAY,-177325.62,KES,2022-03-04,FROZEN
FT0000970,ACCT0041,PER202301,CIT,BILL,159005.93,KES,2023-01-01,FROZEN
FT0000971,ACCT0041,PER202301,CIT,PAY,-92444.44,KES,2023-02-03,FROZEN
FT0000972,ACCT0041,PER202301,CIT,ADJ,-9770.49,KES,2023-01-31,FROZEN
FT0000973,ACCT0041,PER202405,CIT,BILL,417300.32,KES,2024-05-01,FROZEN
FT0000974,ACCT0041,PER202406,CIT,BILL,459425.38,KES,2024-06-01,FROZEN
FT0000975,ACCT0042,PER202402,CIT,BILL,85939.24,KES,2024-02-01,FROZEN
FT0000976,ACCT0042,PER202208,CIT,BILL,146109.34,KES,2022-08-01,FROZEN
FT0000977,ACCT0042,PER202208,CIT,PAY,-87336.05,KES,2022-09-06,FROZEN
FT0000978,ACCT0042,PER202202,CIT,BILL,114568.78,KES,2022-02-01,FROZEN
FT0000979,ACCT0042,PER202202,CIT,PAY,-71495.34,KES,2022-03-14,FROZEN
FT0000980,ACCT0042,PER202202,CIT,ADJ,6422.81,KES,2022-02-28,FROZEN
FT0000981,ACCT0042,PER202304,CIT,BILL,384948.5,KES,2023-04-01,FROZEN
FT0000982,ACCT0042,PER202304,CIT,PAY,-403006.15,KES,2023-05-12,FROZEN
FT0000983,ACCT0042,PER202304,CIT,PEN,50076.6,KES,2023-05-21,FROZEN
FT0000984,ACCT0042,PER202312,CIT,BILL,306130.22,KES,2023-12-01,FROZEN
FT0000985,ACCT0042,PER202409,CIT,BILL,141312.39,KES,2024-09-01,FROZEN
FT0000986,ACCT0042,PER202308,CIT,BILL,113013.48,KES,2023-08-01,FROZEN
FT0000987,ACCT0042,PER202308,CIT,PAY,-91810.2,KES,2023-09-09,FROZEN
FT0000988,ACCT0042,PER202303,CIT,BILL,258199.29,KES,2023-03-01,FROZEN
FT0000989,ACCT0042,PER202303,CIT,PAY,-259740.84,KES,2023-03-24,FROZEN
FT0000990,ACCT0042,PER202206,CIT,BILL,144925.05,KES,2022-06-01,FROZEN
FT0000991,ACCT0042,PER202206,CIT,PAY,-114352.1,KES,2022-06-22,FROZEN
FT0000992,ACCT0042,PER202407,CIT,BILL,431438.34,KES,2024-07-01,FROZEN
FT0000993,ACCT0042,PER202407,CIT,PAY,-399795.04,KES,2024-08-11,FROZEN
FT0000994,ACCT0042,PER202307,CIT,BILL,383909.82,KES,2023-07-01,FROZEN
FT0000995,ACCT0042,PER202306,CIT,BILL,302016.48,KES,2023-06-01,FROZEN
FT0000996,ACCT0042,PER202306,CIT,PAY,-274367.91,KES,2023-07-17,FROZEN
FT0000997,ACCT0042,PER202306,CIT,PEN,30122.3,KES,2023-07-21,FROZEN
FT0000998,ACCT0042,PER202212,CIT,BILL,453921.22,KES,2022-12-01,FROZEN
FT0000999,ACCT0042,PER202212,CIT,PAY,-427611.61,KES,2023-01-07,FROZEN
FT0001000,ACCT0042,PER202408,CIT,BILL,99008.0,KES,2024-08-01,FROZEN
FT0001001,ACCT0043,PER202407,CIT,BILL,328945.15,KES,2024-07-01,FROZEN
FT0001002,ACCT0043,PER202407,CIT,PAY,-208550.16,KES,2024-07-20,FROZEN
FT0001003,ACCT0043,PER202311,CIT,BILL,188982.8,KES,2023-11-01,FROZEN
FT0001004,ACCT0043,PER202311,CIT,PAY,-147077.07,KES,2023-11-08,FROZEN
FT0001005,ACCT0043,PER202409,CIT,BILL,293869.44,KES,2024-09-01,FROZEN
FT0001006,ACCT0043,PER202409,CIT,PEN,40830.99,KES,2024-10-21,FROZEN
FT0001007,ACCT0043,PER202308,CIT,BILL,434411.39,KES,2023-08-01,FROZEN
FT0001008,ACCT0043,PER202308,CIT,PAY,-294971.18,KES,2023-08-04,FROZEN
FT0001009,ACCT0043,PER202211,CIT,BILL,496212.19,KES,2022-11-01,FROZEN
FT0001010,ACCT0043,PER202211,CIT,PAY,-542020.0,KES,2022-11-30,FROZEN
FT0001011,ACCT0043,PER202211,CIT,PEN,67603.65,KES,2022-12-21,FROZEN
FT0001012,ACCT0043,PER202403,CIT,BILL,45001.68,KES,2024-03-01,FROZEN
FT0001013,ACCT0043,PER202403,CIT,PAY,-49141.12,KES,2024-03-21,FROZEN
FT0001014,ACCT0043,PER202403,CIT,ADJ,-2038.33,KES,2024-03-31,FROZEN
FT0001015,ACCT0043,PER202310,CIT,BILL,381790.67,KES,2023-10-01,FROZEN
FT0001016,ACCT0043,PER202310,CIT,PAY,-366018.99,KES,2023-11-01,FROZEN
FT0001017,ACCT0043,PER202405,CIT,BILL,69055.95,KES,2024-05-01,FROZEN
FT0001018,ACCT0043,PER202405,CIT,PAY,-52319.95,KES,2024-05-28,FROZEN
FT0001019,ACCT0043,PER202306,CIT,BILL,23674.03,KES,2023-06-01,FROZEN
FT0001020,ACCT0043,PER202306,CIT,PAY,-17136.7,KES,2023-06-01,FROZEN
FT0001021,ACCT0043,PER202206,CIT,BILL,267861.72,KES,2022-06-01,FROZEN
FT0001022,ACCT0043,PER202206,CIT,PAY,-134593.63,KES,2022-07-17,FROZEN
FT0001023,ACCT0043,PER202210,CIT,BILL,175453.14,KES,2022-10-01,FROZEN
FT0001024,ACCT0043,PER202210,CIT,PAY,-128103.65,KES,2022-11-07,FROZEN
FT0001025,ACCT0043,PER202210,CIT,ADJ,-15941.03,KES,2022-10-31,FROZEN
FT0001026,ACCT0043,PER202204,CIT,BILL,474489.37,KES,2022-04-01,FROZEN
FT0001027,ACCT0043,PER202204,CIT,PAY,-385367.48,KES,2022-05-04,FROZEN
FT0001028,ACCT0043,PER202304,CIT,BILL,497758.84,KES,2023-04-01,FROZEN
FT0001029,ACCT0043,PER202304,CIT,PAY,-518082.47,KES,2023-04-23,FROZEN
FT0001030,ACCT0043,PER202205,CIT,BILL,453912.65,KES,2022-05-01,FROZEN
FT0001031,ACCT0043,PER202205,CIT,PEN,32877.86,KES,2022-06-21,FROZEN
FT0001032,ACCT0043,PER202209,CIT,BILL,109539.16,KES,2022-09-01,FROZEN
FT0001033,ACCT0043,PER202209,CIT,PAY,-87935.86,KES,2022-09-08,FROZEN
FT0001034,ACCT0043,PER202404,CIT,BILL,23494.9,KES,2024-04-01,FROZEN
FT0001035,ACCT0043,PER202412,CIT,BILL,29050.55,KES,2024-12-01,FROZEN
FT0001036,ACCT0043,PER202408,CIT,BILL,14772.17,KES,2024-08-01,FROZEN
FT0001037,ACCT0043,PER202408,CIT,PAY,-11080.09,KES,2024-08-25,FROZEN
FT0001038,ACCT0043,PER202408,CIT,PEN,1111.96,KES,2024-09-21,FROZEN
FT0001039,ACCT0044,PER202201,VAT,BILL,212318.75,KES,2022-01-01,FROZEN
FT0001040,ACCT0044,PER202308,VAT,BILL,144939.85,KES,2023-08-01,FROZEN
FT0001041,ACCT0044,PER202403,VAT,BILL,390089.66,KES,2024-03-01,FROZEN
FT0001042,ACCT0044,PER202207,VAT,BILL,207829.33,KES,2022-07-01,FROZEN
FT0001043,ACCT0044,PER202207,VAT,PAY,-172266.25,KES,2022-07-14,FROZEN
FT0001044,ACCT0044,PER202306,VAT,BILL,121080.11,KES,2023-06-01,FROZEN
FT0001045,ACCT0044,PER202306,VAT,PAY,-67005.94,KES,2023-06-08,FROZEN
FT0001046,ACCT0044,PER202411,VAT,BILL,78826.52,KES,2024-11-01,FROZEN
FT0001047,ACCT0044,PER202411,VAT,PAY,-63614.83,KES,2024-12-17,FROZEN
FT0001048,ACCT0044,PER202407,VAT,BILL,323946.71,KES,2024-07-01,FROZEN
FT0001049,ACCT0044,PER202407,VAT,PAY,-351927.47,KES,2024-07-17,FROZEN
FT0001050,ACCT0044,PER202407,VAT,ADJ,-21075.86,KES,2024-07-31,FROZEN
FT0001051,ACCT0044,PER202311,VAT,BILL,24525.04,KES,2023-11-01,FROZEN
FT0001052,ACCT0044,PER202311,VAT,PAY,-24058.03,KES,2023-11-21,FROZEN
FT0001053,ACCT0044,PER202205,VAT,BILL,426366.72,KES,2022-05-01,FROZEN
FT0001054,ACCT0044,PER202205,VAT,PEN,27219.01,KES,2022-06-21,FROZEN
FT0001055,ACCT0045,PER202311,CIT,BILL,481343.42,KES,2023-11-01,FROZEN
FT0001056,ACCT0045,PER202311,CIT,PAY,-352068.68,KES,2023-12-01,FROZEN
FT0001057,ACCT0045,PER202405,CIT,BILL,399470.23,KES,2024-05-01,FROZEN
FT0001058,ACCT0045,PER202405,CIT,PAY,-366594.6,KES,2024-05-04,FROZEN
FT0001059,ACCT0045,PER202306,CIT,BILL,56337.99,KES,2023-06-01,FROZEN
FT0001060,ACCT0045,PER202206,CIT,BILL,221890.59,KES,2022-06-01,FROZEN
FT0001061,ACCT0045,PER202206,CIT,PAY,-214678.83,KES,2022-07-10,FROZEN
FT0001062,ACCT0045,PER202206,CIT,PEN,26282.14,KES,2022-07-21,FROZEN
FT0001063,ACCT0045,PER202312,CIT,BILL,486855.07,KES,2023-12-01,FROZEN
FT0001064,ACCT0045,PER202312,CIT,PAY,-512287.79,KES,2023-12-08,FROZEN
FT0001065,ACCT0045,PER202403,CIT,BILL,36351.34,KES,2024-03-01,FROZEN
FT0001066,ACCT0045,PER202403,CIT,PAY,-18445.26,KES,2024-04-13,FROZEN
FT0001067,ACCT0045,PER202211,CIT,BILL,363267.9,KES,2022-11-01,FROZEN
FT0001068,ACCT0045,PER202211,CIT,PAY,-389952.42,KES,2022-11-22,FROZEN
FT0001069,ACCT0045,PER202409,CIT,BILL,311028.31,KES,2024-09-01,FROZEN
FT0001070,ACCT0045,PER202409,CIT,PAY,-291119.76,KES,2024-10-01,FROZEN
FT0001071,ACCT0045,PER202204,CIT,BILL,195513.93,KES,2022-04-01,FROZEN
FT0001072,ACCT0045,PER202301,CIT,BILL,32010.23,KES,2023-01-01,FROZEN
FT0001073,ACCT0045,PER202301,CIT,PAY,-19019.08,KES,2023-01-31,FROZEN
FT0001074,ACCT0045,PER202407,CIT,BILL,42058.3,KES,2024-07-01,FROZEN
FT0001075,ACCT0045,PER202407,CIT,PAY,-27108.05,KES,2024-07-18,FROZEN
FT0001076,ACCT0045,PER202407,CIT,PEN,3039.58,KES,2024-08-21,FROZEN
FT0001077,ACCT0046,PER202304,PAYE,BILL,373893.29,KES,2023-04-01,FROZEN
FT0001078,ACCT0046,PER202304,PAYE,PAY,-277452.67,KES,2023-04-03,FROZEN
FT0001079,ACCT0046,PER202304,PAYE,ADJ,-30592.28,KES,2023-04-30,FROZEN
FT0001080,ACCT0046,PER202206,PAYE,BILL,304080.62,KES,2022-06-01,FROZEN
FT0001081,ACCT0046,PER202206,PAYE,PAY,-207613.71,KES,2022-07-03,FROZEN
FT0001082,ACCT0046,PER202406,PAYE,BILL,230822.92,KES,2024-06-01,FROZEN
FT0001083,ACCT0046,PER202406,PAYE,PAY,-229711.88,KES,2024-06-15,FROZEN
FT0001084,ACCT0046,PER202405,PAYE,BILL,384871.12,KES,2024-05-01,FROZEN
FT0001085,ACCT0046,PER202405,PAYE,PAY,-357928.16,KES,2024-05-24,FROZEN
FT0001086,ACCT0046,PER202409,PAYE,BILL,380863.38,KES,2024-09-01,FROZEN
FT0001087,ACCT0046,PER202409,PAYE,PAY,-268437.94,KES,2024-10-11,FROZEN
FT0001088,ACCT0046,PER202203,PAYE,BILL,263382.62,KES,2022-03-01,FROZEN
FT0001089,ACCT0046,PER202203,PAYE,PEN,17492.7,KES,2022-04-21,FROZEN
FT0001090,ACCT0046,PER202404,PAYE,BILL,359843.78,KES,2024-04-01,FROZEN
FT0001091,ACCT0046,PER202404,PAYE,PEN,39973.31,KES,2024-05-21,FROZEN
FT0001092,ACCT0046,PER202412,PAYE,BILL,465457.05,KES,2024-12-01,FROZEN
FT0001093,ACCT0046,PER202412,PAYE,PAY,-360369.7,KES,2025-01-20,FROZEN
FT0001094,ACCT0046,PER202412,PAYE,PEN,39002.21,KES,2025-01-21,FROZEN
FT0001095,ACCT0046,PER202303,PAYE,BILL,28017.68,KES,2023-03-01,FROZEN
FT0001096,ACCT0046,PER202303,PAYE,PAY,-25307.95,KES,2023-03-08,FROZEN
FT0001097,ACCT0046,PER202211,PAYE,BILL,330936.06,KES,2022-11-01,FROZEN
FT0001098,ACCT0046,PER202211,PAYE,PEN,33054.84,KES,2022-12-21,FROZEN
FT0001099,ACCT0046,PER202204,PAYE,BILL,29042.94,KES,2022-04-01,FROZEN
FT0001100,ACCT0046,PER202408,PAYE,BILL,256624.79,KES,2024-08-01,FROZEN
FT0001101,ACCT0046,PER202408,PAYE,PEN,27678.38,KES,2024-09-21,FROZEN
FT0001102,ACCT0047,PER202207,PAYE,BILL,382375.45,KES,2022-07-01,FROZEN
FT0001103,ACCT0047,PER202207,PAYE,PAY,-412260.43,KES,2022-07-19,FROZEN
FT0001104,ACCT0047,PER202401,PAYE,BILL,209309.01,KES,2024-01-01,FROZEN
FT0001105,ACCT0047,PER202309,PAYE,BILL,352239.68,KES,2023-09-01,FROZEN
FT0001106,ACCT0047,PER202409,PAYE,BILL,318128.73,KES,2024-09-01,FROZEN
FT0001107,ACCT0047,PER202409,PAYE,PAY,-278203.75,KES,2024-09-19,FROZEN
FT0001108,ACCT0047,PER202411,PAYE,BILL,70672.51,KES,2024-11-01,FROZEN
FT0001109,ACCT0047,PER202302,PAYE,BILL,273533.28,KES,2023-02-01,FROZEN
FT0001110,ACCT0047,PER202302,PAYE,PAY,-253349.71,KES,2023-03-21,FROZEN
FT0001111,ACCT0047,PER202308,PAYE,BILL,287465.91,KES,2023-08-01,FROZEN
FT0001112,ACCT0047,PER202308,PAYE,PAY,-215739.36,KES,2023-09-17,FROZEN
FT0001113,ACCT0047,PER202311,PAYE,BILL,439351.23,KES,2023-11-01,FROZEN
FT0001114,ACCT0047,PER202311,PAYE,PAY,-223042.06,KES,2023-11-07,FROZEN
FT0001115,ACCT0047,PER202311,PAYE,PEN,28352.51,KES,2023-12-21,FROZEN
FT0001116,ACCT0048,PER202306,CIT,BILL,151094.58,KES,2023-06-01,FROZEN
FT0001117,ACCT0048,PER202306,CIT,PEN,19854.22,KES,2023-07-21,FROZEN
FT0001118,ACCT0048,PER202211,CIT,BILL,434677.51,KES,2022-11-01,FROZEN
FT0001119,ACCT0048,PER202307,CIT,BILL,282828.92,KES,2023-07-01,FROZEN
FT0001120,ACCT0048,PER202307,CIT,PAY,-274509.31,KES,2023-08-21,FROZEN
FT0001121,ACCT0048,PER202305,CIT,BILL,28255.04,KES,2023-05-01,FROZEN
FT0001122,ACCT0048,PER202305,CIT,PAY,-21189.58,KES,2023-06-20,FROZEN
FT0001123,ACCT0048,PER202210,CIT,BILL,278301.68,KES,2022-10-01,FROZEN
FT0001124,ACCT0048,PER202210,CIT,PAY,-181120.03,KES,2022-11-09,FROZEN
FT0001125,ACCT0048,PER202403,CIT,BILL,224316.61,KES,2024-03-01,FROZEN
FT0001126,ACCT0048,PER202403,CIT,PAY,-197459.88,KES,2024-04-15,FROZEN
FT0001127,ACCT0048,PER202202,CIT,BILL,275574.49,KES,2022-02-01,FROZEN
FT0001128,ACCT0048,PER202202,CIT,PAY,-266118.99,KES,2022-02-13,FROZEN
FT0001129,ACCT0048,PER202311,CIT,BILL,342916.13,KES,2023-11-01,FROZEN
FT0001130,ACCT0048,PER202311,CIT,PAY,-207216.36,KES,2023-12-03,FROZEN
FT0001131,ACCT0048,PER202311,CIT,PEN,18539.22,KES,2023-12-21,FROZEN
FT0001132,ACCT0048,PER202402,CIT,BILL,135798.6,KES,2024-02-01,FROZEN
FT0001133,ACCT0048,PER202402,CIT,PAY,-136831.83,KES,2024-02-01,FROZEN
FT0001134,ACCT0049,PER202203,VAT,BILL,277329.29,KES,2022-03-01,FROZEN
FT0001135,ACCT0049,PER202203,VAT,PAY,-256421.14,KES,2022-04-03,FROZEN
FT0001136,ACCT0049,PER202210,VAT,BILL,38747.35,KES,2022-10-01,FROZEN
FT0001137,ACCT0049,PER202210,VAT,PAY,-29043.42,KES,2022-11-04,FROZEN
FT0001138,ACCT0049,PER202309,VAT,BILL,442281.39,KES,2023-09-01,FROZEN
FT0001139,ACCT0049,PER202309,VAT,PAY,-308995.44,KES,2023-09-19,FROZEN
FT0001140,ACCT0049,PER202204,VAT,BILL,267596.95,KES,2022-04-01,FROZEN
FT0001141,ACCT0049,PER202308,VAT,BILL,9357.83,KES,2023-08-01,FROZEN
FT0001142,ACCT0049,PER202308,VAT,PAY,-7181.2,KES,2023-09-11,FROZEN
FT0001143,ACCT0049,PER202304,VAT,BILL,479653.92,KES,2023-04-01,FROZEN
FT0001144,ACCT0049,PER202304,VAT,PAY,-332190.18,KES,2023-05-21,FROZEN
FT0001145,ACCT0049,PER202402,VAT,BILL,272417.47,KES,2024-02-01,FROZEN
FT0001146,ACCT0049,PER202402,VAT,PAY,-285167.03,KES,2024-03-21,FROZEN
FT0001147,ACCT0049,PER202307,VAT,BILL,225550.66,KES,2023-07-01,FROZEN
FT0001148,ACCT0049,PER202307,VAT,PAY,-234340.14,KES,2023-07-13,FROZEN
FT0001149,ACCT0049,PER202307,VAT,ADJ,-18226.46,KES,2023-07-31,FROZEN
FT0001150,ACCT0050,PER202411,VAT,BILL,16757.71,KES,2024-11-01,FROZEN
FT0001151,ACCT0050,PER202411,VAT,PEN,960.63,KES,2024-12-21,FROZEN
FT0001152,ACCT0050,PER202412,VAT,BILL,129694.46,KES,2024-12-01,FROZEN
FT0001153,ACCT0050,PER202412,VAT,PAY,-128782.91,KES,2024-12-17,FROZEN
FT0001154,ACCT0050,PER202201,VAT,BILL,205201.77,KES,2022-01-01,FROZEN
FT0001155,ACCT0050,PER202201,VAT,PAY,-150556.77,KES,2022-01-08,FROZEN
FT0001156,ACCT0050,PER202205,VAT,BILL,311082.93,KES,2022-05-01,FROZEN
FT0001157,ACCT0050,PER202302,VAT,BILL,40931.78,KES,2023-02-01,FROZEN
FT0001158,ACCT0050,PER202302,VAT,PEN,5267.48,KES,2023-03-21,FROZEN
FT0001159,ACCT0050,PER202310,VAT,BILL,47820.08,KES,2023-10-01,FROZEN
FT0001160,ACCT0050,PER202309,VAT,BILL,332057.97,KES,2023-09-01,FROZEN
FT0001161,ACCT0050,PER202309,VAT,PAY,-272314.32,KES,2023-09-09,FROZEN
FT0001162,ACCT0050,PER202401,VAT,BILL,425486.38,KES,2024-01-01,FROZEN
FT0001163,ACCT0050,PER202401,VAT,PAY,-374609.87,KES,2024-01-20,FROZEN
FT0001164,ACCT0050,PER202207,VAT,BILL,398533.48,KES,2022-07-01,FROZEN
FT0001165,ACCT0050,PER202407,VAT,BILL,278994.47,KES,2024-07-01,FROZEN
FT0001166,ACCT0050,PER202407,VAT,PAY,-160126.39,KES,2024-07-01,FROZEN
FT0001167,ACCT0050,PER202408,VAT,BILL,276025.1,KES,2024-08-01,FROZEN
FT0001168,ACCT0050,PER202408,VAT,PAY,-172800.47,KES,2024-09-17,FROZEN
FT0001169,ACCT0050,PER202204,VAT,BILL,209263.98,KES,2022-04-01,FROZEN
FT0001170,ACCT0050,PER202204,VAT,PAY,-168987.28,KES,2022-04-11,FROZEN
FT0001171,ACCT0050,PER202204,VAT,PEN,23372.38,KES,2022-05-21,FROZEN
FT0001172,ACCT0050,PER202404,VAT,BILL,61738.16,KES,2024-04-01,FROZEN
FT0001173,ACCT0050,PER202404,VAT,PAY,-51883.24,KES,2024-04-04,FROZEN
FT0001174,ACCT0050,PER202306,VAT,BILL,497184.96,KES,2023-06-01,FROZEN
FT0001175,ACCT0050,PER202306,VAT,PAY,-412563.47,KES,2023-06-19,FROZEN
FT0001176,ACCT0050,PER202402,VAT,BILL,102721.71,KES,2024-02-01,FROZEN
FT0001177,ACCT0050,PER202402,VAT,PAY,-110007.14,KES,2024-02-23,FROZEN
FT0001178,ACCT0050,PER202402,VAT,PEN,11869.22,KES,2024-03-21,FROZEN
FT0001179,ACCT0050,PER202406,VAT,BILL,311660.31,KES,2024-06-01,FROZEN
FT0001180,ACCT0050,PER202203,VAT,BILL,310089.5,KES,2022-03-01,FROZEN
FT0001181,ACCT0050,PER202203,VAT,PAY,-263731.73,KES,2022-04-06,FROZEN
FT0001182,ACCT0050,PER202409,VAT,BILL,479536.17,KES,2024-09-01,FROZEN
FT0001183,ACCT0050,PER202409,VAT,PAY,-329886.77,KES,2024-10-21,FROZEN
