payment_id,account_id,ft_id,payment_date,amount,currency_cd,payment_method,reference_no,status
PAY000001,ACCT0001,FT0000002,2024-10-05,292134.96,KES,ONLINE,REF390119,MATCHED
PAY000002,ACCT0001,FT0000004,2024-05-11,64518.33,KES,MOBILE_MONEY,REF812591,MATCHED
PAY000003,ACCT0001,FT0000008,2023-03-07,205334.8,KES,ONLINE,REF585331,UNMATCHED
PAY000004,ACCT0001,FT0000012,2023-08-30,39955.28,KES,CHEQUE,REF912402,MATCHED
PAY000005,ACCT0001,FT0000015,2024-09-07,304369.52,KES,ONLINE,REF678469,MATCHED
PAY000006,ACCT0001,FT0000017,2023-10-16,151480.35,KES,MOBILE_MONEY,REF776909,MATCHED
PAY000007,ACCT0001,FT0000020,2023-10-05,382097.93,KES,CHEQUE,REF966589,MATCHED
PAY000008,ACCT0001,FT0000024,2023-03-25,148033.48,KES,MOBILE_MONEY,REF376021,MATCHED
PAY000009,ACCT0002,FT0000026,2023-08-03,125955.94,KES,BANK_TRANSFER,REF119535,MATCHED
PAY000010,ACCT0002,FT0000030,2024-04-08,192043.31,KES,ONLINE,REF906564,MATCHED
PAY000011,ACCT0002,FT0000032,2024-09-12,160124.56,KES,BANK_TRANSFER,REF678388,MATCHED
PAY000012,ACCT0002,FT0000034,2022-10-16,434808.78,KES,ONLINE,REF785672,MATCHED
PAY000013,ACCT0002,FT0000036,2023-01-05,343154.07,KES,CHEQUE,REF511564,MATCHED
PAY000014,ACCT0002,FT0000039,2024-09-09,43784.97,KES,CHEQUE,REF240384,UNMATCHED
PAY000015,ACCT0002,FT0000041,2022-08-04,261787.15,KES,BANK_TRANSFER,REF516059,MATCHED
PAY000016,ACCT0002,FT0000043,2022-03-08,249157.45,KES,BANK_TRANSFER,REF794868,MATCHED
PAY000017,ACCT0002,FT0000045,2024-12-07,267420.16,KES,MOBILE_MONEY,REF893988,MATCHED
PAY000018,ACCT0002,FT0000047,2024-01-13,101956.09,KES,ONLINE,REF266956,MATCHED
PAY000019,ACCT0002,FT0000051,2024-06-10,136657.68,KES,MOBILE_MONEY,REF871667,UNMATCHED
PAY000020,ACCT0003,FT0000054,2022-11-09,184541.65,KES,CHEQUE,REF142383,MATCHED
PAY000021,ACCT0003,FT0000056,2024-11-12,119733.0,KES,ONLINE,REF343007,MATCHED
PAY000022,ACCT0003,FT0000060,2023-12-07,395116.49,KES,CHEQUE,REF487380,MATCHED
PAY000023,ACCT0003,FT0000064,2023-02-26,390937.88,KES,BANK_TRANSFER,REF801062,MATCHED
PAY000024,ACCT0003,FT0000066,2022-05-26,427941.29,KES,CHEQUE,REF506945,UNMATCHED
PAY000025,ACCT0003,FT0000068,2022-02-17,173348.76,KES,ONLINE,REF148693,MATCHED
PAY000026,ACCT0003,FT0000071,2024-08-21,54971.18,KES,CHEQUE,REF208239,MATCHED
PAY000027,ACCT0003,FT0000076,2024-06-12,280621.81,KES,CHEQUE,REF706739,MATCHED
PAY000028,ACCT0003,FT0000078,2024-04-02,346721.24,KES,ONLINE,REF785428,UNMATCHED
PAY000029,ACCT0003,FT0000080,2022-07-27,117688.49,KES,CHEQUE,REF716225,MATCHED
PAY000030,ACCT0003,FT0000082,2023-10-26,315823.51,KES,CHEQUE,REF494609,MATCHED
PAY000031,ACCT0003,FT0000085,2022-08-30,194452.14,KES,ONLINE,REF470040,MATCHED
PAY000032,ACCT0004,FT0000088,2022-06-30,472904.5,KES,ONLINE,REF931161,UNMATCHED
PAY000033,ACCT0004,FT0000090,2023-07-16,80654.78,KES,BANK_TRANSFER,REF626214,MATCHED
PAY000034,ACCT0004,FT0000094,2023-11-05,313854.93,KES,ONLINE,REF273650,MATCHED
PAY000035,ACCT0004,FT0000098,2024-02-05,360441.82,KES,BANK_TRANSFER,REF639535,MATCHED
PAY000036,ACCT0004,FT0000100,2022-09-10,410327.93,KES,MOBILE_MONEY,REF257538,MATCHED
PAY000037,ACCT0004,FT0000102,2024-11-15,187066.18,KES,MOBILE_MONEY,REF479818,MATCHED
PAY000038,ACCT0004,FT0000104,2022-10-15,95182.38,KES,MOBILE_MONEY,REF534753,MATCHED
PAY000039,ACCT0004,FT0000106,2024-05-30,77471.51,KES,BANK_TRANSFER,REF604906,UNMATCHED
PAY000040,ACCT0004,FT0000112,2022-02-15,323249.3,KES,ONLINE,REF320939,MATCHED
PAY000041,ACCT0004,FT0000114,2024-02-26,221178.45,KES,ONLINE,REF123536,MATCHED
PAY000042,ACCT0005,FT0000116,2024-11-21,284804.68,KES,BANK_TRANSFER,REF234097,MATCHED
PAY000043,ACCT0005,FT0000118,2022-02-27,363178.7,KES,MOBILE_MONEY,REF760120,MATCHED
PAY000044,ACCT0005,FT0000122,2024-12-16,373119.76,KES,MOBILE_MONEY,REF158627,MATCHED
PAY000045,ACCT0005,FT0000125,2022-06-14,56573.48,KES,CHEQUE,REF288783,UNMATCHED
PAY000046,ACCT0005,FT0000127,2023-10-16,202281.34,KES,BANK_TRANSFER,REF854500,MATCHED
PAY000047,ACCT0005,FT0000130,2023-03-16,40205.8,KES,BANK_TRANSFER,REF327114,UNMATCHED
PAY000048,ACCT0005,FT0000132,2022-06-10,402850.76,KES,ONLINE,REF605065,MATCHED
PAY000049,ACCT0006,FT0000137,2023-12-05,475627.0,KES,MOBILE_MONEY,REF970699,UNMATCHED
PAY000050,ACCT0006,FT0000139,2024-04-16,286879.23,KES,MOBILE_MONEY,REF933215,MATCHED
PAY000051,ACCT0006,FT0000142,2023-12-25,108891.96,KES,CHEQUE,REF275868,MATCHED
PAY000052,ACCT0006,FT0000144,2024-11-17,118256.45,KES,ONLINE,REF725510,MATCHED
PAY000053,ACCT0006,FT0000146,2023-05-13,178187.42,KES,MOBILE_MONEY,REF496583,UNMATCHED
PAY000054,ACCT0006,FT0000149,2023-10-02,337524.58,KES,MOBILE_MONEY,REF213844,MATCHED
PAY000055,ACCT0006,FT0000152,2022-11-24,184327.5,KES,MOBILE_MONEY,REF648102,UNMATCHED
PAY000056,ACCT0007,FT0000155,2023-08-18,326929.42,KES,MOBILE_MONEY,REF734924,MATCHED
PAY000057,ACCT0007,FT0000157,2023-05-13,148312.89,KES,MOBILE_MONEY,REF598985,MATCHED
PAY000058,ACCT0007,FT0000162,2022-08-07,449499.43,KES,BANK_TRANSFER,REF197716,UNMATCHED
PAY000059,ACCT0007,FT0000164,2023-01-04,144931.14,KES,MOBILE_MONEY,REF732789,MATCHED
PAY000060,ACCT0007,FT0000166,2022-12-07,48874.09,KES,ONLINE,REF647403,UNMATCHED
PAY000061,ACCT0007,FT0000169,2022-04-08,310931.25,KES,CHEQUE,REF145548,UNMATCHED
PAY000062,ACCT0007,FT0000171,2023-12-25,289704.76,KES,MOBILE_MONEY,REF941272,UNMATCHED
PAY000063,ACCT0008,FT0000175,2023-05-03,162032.19,KES,ONLINE,REF467544,MATCHED
PAY000064,ACCT0008,FT0000177,2022-06-17,322068.82,KES,ONLINE,REF240386,MATCHED
PAY000065,ACCT0008,FT0000183,2023-06-18,61220.02,KES,ONLINE,REF903061,MATCHED
PAY000066,ACCT0008,FT0000185,2022-03-21,34027.14,KES,BANK_TRANSFER,REF397026,UNMATCHED
PAY000067,ACCT0008,FT0000190,2022-01-12,394260.77,KES,CHEQUE,REF298202,MATCHED
PAY000068,ACCT0009,FT0000192,2023-01-01,42411.64,KES,BANK_TRANSFER,REF706063,MATCHED
PAY000069,ACCT0009,FT0000194,2024-04-21,315121.25,KES,BANK_TRANSFER,REF493247,MATCHED
PAY000070,ACCT0009,FT0000198,2022-07-10,189527.96,KES,CHEQUE,REF528705,MATCHED
PAY000071,ACCT0009,FT0000200,2024-07-19,316213.63,KES,BANK_TRANSFER,REF262297,UNMATCHED
PAY000072,ACCT0009,FT0000203,2023-02-06,69332.32,KES,CHEQUE,REF373995,UNMATCHED
PAY000073,ACCT0009,FT0000206,2024-05-27,430845.44,KES,CHEQUE,REF741603,MATCHED
PAY000074,ACCT0009,FT0000208,2023-11-08,91741.21,KES,ONLINE,REF891645,MATCHED
PAY000075,ACCT0010,FT0000210,2023-07-13,123568.1,KES,ONLINE,REF678923,UNMATCHED
PAY000076,ACCT0010,FT0000212,2024-04-04,225738.29,KES,MOBILE_MONEY,REF488196,UNMATCHED
PAY000077,ACCT0010,FT0000215,2024-10-01,296209.57,KES,CHEQUE,REF421549,MATCHED
PAY000078,ACCT0010,FT0000217,2024-12-10,194628.07,KES,ONLINE,REF871523,MATCHED
PAY000079,ACCT0010,FT0000221,2022-01-27,247691.35,KES,BANK_TRANSFER,REF884140,MATCHED
PAY000080,ACCT0011,FT0000227,2024-02-07,193492.64,KES,ONLINE,REF921149,MATCHED
PAY000081,ACCT0011,FT0000229,2022-06-19,442104.67,KES,BANK_TRANSFER,REF324875,UNMATCHED
PAY000082,ACCT0011,FT0000231,2024-04-12,114432.95,KES,CHEQUE,REF939756,MATCHED
PAY000083,ACCT0011,FT0000234,2022-11-10,326626.61,KES,MOBILE_MONEY,REF508004,MATCHED
PAY000084,ACCT0012,FT0000238,2022-02-14,103428.4,KES,BANK_TRANSFER,REF963245,MATCHED
PAY000085,ACCT0012,FT0000240,2024-07-14,277745.54,KES,ONLINE,REF729402,UNMATCHED
PAY000086,ACCT0012,FT0000243,2022-11-15,381662.85,KES,BANK_TRANSFER,REF167193,MATCHED
PAY000087,ACCT0012,FT0000247,2022-12-06,209684.65,KES,MOBILE_MONEY,REF488848,MATCHED
PAY000088,ACCT0012,FT0000249,2024-09-24,204755.71,KES,BANK_TRANSFER,REF859687,UNMATCHED
PAY000089,ACCT0012,FT0000251,2022-10-31,413926.09,KES,ONLINE,REF743789,MATCHED
PAY000090,ACCT0012,FT0000255,2023-02-26,105553.17,KES,BANK_TRANSFER,REF911187,MATCHED
PAY000091,ACCT0013,FT0000259,2023-05-09,339074.19,KES,ONLINE,REF560295,MATCHED
PAY000092,ACCT0013,FT0000262,2024-01-25,51391.25,KES,MOBILE_MONEY,REF991884,MATCHED
PAY000093,ACCT0013,FT0000265,2022-08-01,45585.91,KES,MOBILE_MONEY,REF135241,MATCHED
PAY000094,ACCT0013,FT0000267,2023-03-29,90438.87,KES,MOBILE_MONEY,REF806765,MATCHED
PAY000095,ACCT0013,FT0000269,2023-05-12,44789.94,KES,CHEQUE,REF350878,MATCHED
PAY000096,ACCT0013,FT0000271,2022-01-30,99828.02,KES,MOBILE_MONEY,REF191061,MATCHED
PAY000097,ACCT0013,FT0000274,2023-08-09,340035.07,KES,ONLINE,REF470281,UNMATCHED
PAY000098,ACCT0013,FT0000276,2023-06-15,354156.63,KES,ONLINE,REF714549,MATCHED
PAY000099,ACCT0013,FT0000278,2022-11-10,457543.99,KES,BANK_TRANSFER,REF872722,MATCHED
PAY000100,ACCT0013,FT0000280,2024-05-09,408217.09,KES,BANK_TRANSFER,REF676289,MATCHED
PAY000101,ACCT0013,FT0000283,2022-09-17,87829.33,KES,CHEQUE,REF464354,MATCHED
PAY000102,ACCT0013,FT0000285,2023-10-08,26150.85,KES,MOBILE_MONEY,REF735818,MATCHED
PAY000103,ACCT0013,FT0000291,2024-08-05,360408.84,KES,ONLINE,REF523579,MATCHED
PAY000104,ACCT0014,FT0000293,2022-06-14,128456.74,KES,CHEQUE,REF283537,UNMATCHED
PAY000105,ACCT0014,FT0000298,2023-09-10,104281.0,KES,BANK_TRANSFER,REF685766,MATCHED
PAY000106,ACCT0014,FT0000300,2024-02-17,38074.92,KES,CHEQUE,REF456480,MATCHED
PAY000107,ACCT0014,FT0000302,2023-08-22,234684.24,KES,CHEQUE,REF664032,MATCHED
PAY000108,ACCT0014,FT0000305,2022-10-07,20944.31,KES,ONLINE,REF495397,UNMATCHED
PAY000109,ACCT0015,FT0000307,2024-08-14,251040.1,KES,MOBILE_MONEY,REF894268,MATCHED
PAY000110,ACCT0015,FT0000309,2023-03-01,248359.35,KES,ONLINE,REF814703,UNMATCHED
PAY000111,ACCT0015,FT0000314,2023-11-20,113667.64,KES,BANK_TRANSFER,REF605382,MATCHED
PAY000112,ACCT0015,FT0000316,2023-12-11,152005.78,KES,CHEQUE,REF170835,UNMATCHED
PAY000113,ACCT0015,FT0000319,2022-04-27,193885.65,KES,MOBILE_MONEY,REF809794,MATCHED
PAY000114,ACCT0015,FT0000321,2024-02-13,41094.38,KES,CHEQUE,REF532459,MATCHED
PAY000115,ACCT0015,FT0000323,2022-09-04,171962.91,KES,BANK_TRANSFER,REF834861,MATCHED
PAY000116,ACCT0015,FT0000326,2023-07-01,50823.84,KES,MOBILE_MONEY,REF401244,MATCHED
PAY000117,ACCT0015,FT0000328,2022-09-05,43992.72,KES,ONLINE,REF806423,MATCHED
PAY000118,ACCT0015,FT0000332,2023-03-18,364409.51,KES,BANK_TRANSFER,REF681489,MATCHED
PAY000119,ACCT0015,FT0000336,2023-08-07,263933.39,KES,ONLINE,REF429119,MATCHED
PAY000120,ACCT0015,FT0000338,2024-09-22,181395.51,KES,MOBILE_MONEY,REF701581,MATCHED
PAY000121,ACCT0015,FT0000340,2023-09-13,35032.31,KES,MOBILE_MONEY,REF882401,MATCHED
PAY000122,ACCT0016,FT0000343,2023-05-11,248788.89,KES,ONLINE,REF872918,MATCHED
PAY000123,ACCT0016,FT0000345,2022-08-07,231851.45,KES,MOBILE_MONEY,REF871153,MATCHED
PAY000124,ACCT0016,FT0000348,2024-12-05,228472.77,KES,CHEQUE,REF316823,MATCHED
PAY000125,ACCT0016,FT0000350,2023-06-07,36312.91,KES,MOBILE_MONEY,REF975498,MATCHED
PAY000126,ACCT0016,FT0000352,2024-11-11,442131.04,KES,CHEQUE,REF263573,MATCHED
PAY000127,ACCT0016,FT0000355,2022-06-22,472643.46,KES,BANK_TRANSFER,REF182300,UNMATCHED
PAY000128,ACCT0016,FT0000359,2022-05-25,322430.21,KES,BANK_TRANSFER,REF901368,MATCHED
PAY000129,ACCT0016,FT0000363,2024-04-12,318386.98,KES,ONLINE,REF489227,MATCHED
PAY000130,ACCT0016,FT0000365,2023-09-23,71345.74,KES,ONLINE,REF702427,MATCHED
PAY000131,ACCT0016,FT0000367,2022-03-06,307900.1,KES,ONLINE,REF291755,MATCHED
PAY000132,ACCT0016,FT0000370,2024-03-13,302425.07,KES,ONLINE,REF332881,MATCHED
PAY000133,ACCT0016,FT0000372,2024-11-22,15015.65,KES,BANK_TRANSFER,REF651273,UNMATCHED
PAY000134,ACCT0016,FT0000374,2023-04-20,63992.82,KES,ONLINE,REF667036,MATCHED
PAY000135,ACCT0017,FT0000377,2022-03-29,24810.44,KES,CHEQUE,REF512842,MATCHED
PAY000136,ACCT0017,FT0000379,2023-11-21,252883.82,KES,ONLINE,REF226215,UNMATCHED
PAY000137,ACCT0017,FT0000381,2022-09-29,85099.43,KES,CHEQUE,REF822689,MATCHED
PAY000138,ACCT0017,FT0000383,2024-01-13,209502.6,KES,BANK_TRANSFER,REF806848,MATCHED
PAY000139,ACCT0017,FT0000385,2022-11-05,131902.16,KES,ONLINE,REF709231,MATCHED
PAY000140,ACCT0017,FT0000387,2022-06-11,143290.97,KES,CHEQUE,REF479167,MATCHED
PAY000141,ACCT0017,FT0000389,2024-07-15,83225.49,KES,MOBILE_MONEY,REF675210,MATCHED
PAY000142,ACCT0017,FT0000391,2024-03-24,343541.28,KES,MOBILE_MONEY,REF382495,UNMATCHED
PAY000143,ACCT0017,FT0000393,2023-12-16,201729.95,KES,CHEQUE,REF483699,MATCHED
PAY000144,ACCT0017,FT0000395,2024-10-15,72955.12,KES,ONLINE,REF544536,MATCHED
PAY000145,ACCT0017,FT0000397,2023-08-02,247531.56,KES,ONLINE,REF834750,MATCHED
PAY000146,ACCT0017,FT0000400,2023-12-27,78034.13,KES,CHEQUE,REF995825,UNMATCHED
PAY000147,ACCT0018,FT0000403,2024-10-03,397584.84,KES,CHEQUE,REF572623,MATCHED
PAY000148,ACCT0018,FT0000407,2022-10-16,202658.58,KES,MOBILE_MONEY,REF703867,MATCHED
PAY000149,ACCT0018,FT0000411,2024-04-30,394431.18,KES,BANK_TRANSFER,REF855829,MATCHED
PAY000150,ACCT0018,FT0000413,2022-01-30,88526.16,KES,MOBILE_MONEY,REF682316,UNMATCHED
PAY000151,ACCT0018,FT0000416,2023-08-26,304238.03,KES,ONLINE,REF305587,MATCHED
PAY000152,ACCT0018,FT0000420,2022-08-24,249166.26,KES,MOBILE_MONEY,REF595962,MATCHED
PAY000153,ACCT0018,FT0000423,2023-02-18,340057.45,KES,MOBILE_MONEY,REF541996,UNMATCHED
PAY000154,ACCT0018,FT0000425,2022-07-05,43778.23,KES,MOBILE_MONEY,REF990649,MATCHED
PAY000155,ACCT0018,FT0000427,2023-11-15,128426.64,KES,ONLINE,REF414608,MATCHED
PAY000156,ACCT0018,FT0000429,2023-12-23,182958.1,KES,BANK_TRANSFER,REF517754,MATCHED
PAY000157,ACCT0019,FT0000435,2024-06-06,454660.73,KES,MOBILE_MONEY,REF162952,MATCHED
PAY000158,ACCT0019,FT0000440,2022-10-16,441191.67,KES,CHEQUE,REF599687,MATCHED
PAY000159,ACCT0019,FT0000443,2023-04-29,443896.42,KES,ONLINE,REF880762,MATCHED
PAY000160,ACCT0019,FT0000446,2023-09-11,188521.83,KES,CHEQUE,REF478496,MATCHED
PAY000161,ACCT0019,FT0000449,2024-12-02,101792.05,KES,CHEQUE,REF460857,MATCHED
PAY000162,ACCT0019,FT0000454,2023-07-27,268643.76,KES,ONLINE,REF227126,MATCHED
PAY000163,ACCT0019,FT0000457,2022-02-23,293266.62,KES,MOBILE_MONEY,REF704875,MATCHED
PAY000164,ACCT0019,FT0000462,2024-09-11,284276.96,KES,CHEQUE,REF472358,MATCHED
PAY000165,ACCT0019,FT0000465,2023-03-09,107176.34,KES,ONLINE,REF912378,UNMATCHED
PAY000166,ACCT0020,FT0000469,2022-11-27,278932.64,KES,BANK_TRANSFER,REF499581,MATCHED
PAY000167,ACCT0020,FT0000472,2022-10-16,187386.98,KES,ONLINE,REF762398,MATCHED
PAY000168,ACCT0020,FT0000474,2024-11-29,81587.21,KES,MOBILE_MONEY,REF771697,MATCHED
PAY000169,ACCT0020,FT0000476,2023-10-21,176324.15,KES,ONLINE,REF761938,UNMATCHED
PAY000170,ACCT0020,FT0000478,2024-04-05,352357.07,KES,BANK_TRANSFER,REF182954,MATCHED
PAY000171,ACCT0020,FT0000481,2024-06-25,120684.16,KES,CHEQUE,REF339303,MATCHED
PAY000172,ACCT0021,FT0000483,2023-09-26,243851.88,KES,CHEQUE,REF784733,MATCHED
PAY000173,ACCT0021,FT0000485,2025-01-01,59129.29,KES,CHEQUE,REF734792,UNMATCHED
PAY000174,ACCT0021,FT0000487,2023-01-07,170606.73,KES,CHEQUE,REF566509,MATCHED
PAY000175,ACCT0021,FT0000490,2024-08-05,239005.76,KES,ONLINE,REF534098,MATCHED
PAY000176,ACCT0021,FT0000493,2023-03-22,49724.82,KES,MOBILE_MONEY,REF995706,MATCHED
PAY000177,ACCT0021,FT0000495,2023-04-03,56608.73,KES,MOBILE_MONEY,REF863124,MATCHED
PAY000178,ACCT0022,FT0000498,2024-11-02,339522.9,KES,CHEQUE,REF880009,MATCHED
PAY000179,ACCT0022,FT0000501,2022-11-16,479294.36,KES,MOBILE_MONEY,REF275018,UNMATCHED
PAY000180,ACCT0022,FT0000503,2024-10-20,268426.48,KES,BANK_TRANSFER,REF200195,MATCHED
PAY000181,ACCT0022,FT0000505,2022-10-17,24778.95,KES,ONLINE,REF675074,MATCHED
PAY000182,ACCT0022,FT0000507,2022-12-15,40554.81,KES,BANK_TRANSFER,REF908382,UNMATCHED
PAY000183,ACCT0022,FT0000510,2024-12-20,59667.12,KES,BANK_TRANSFER,REF208976,MATCHED
PAY000184,ACCT0022,FT0000514,2022-07-05,392359.42,KES,MOBILE_MONEY,REF188406,UNMATCHED
PAY000185,ACCT0022,FT0000516,2023-02-09,331457.27,KES,CHEQUE,REF340497,MATCHED
PAY000186,ACCT0022,FT0000518,2024-05-20,152394.65,KES,CHEQUE,REF564687,MATCHED
PAY000187,ACCT0022,FT0000520,2024-01-05,273134.09,KES,MOBILE_MONEY,REF652329,MATCHED
PAY000188,ACCT0023,FT0000524,2022-08-18,373721.91,KES,BANK_TRANSFER,REF136862,MATCHED
PAY000189,ACCT0023,FT0000526,2024-01-16,62160.66,KES,CHEQUE,REF599284,UNMATCHED
PAY000190,ACCT0023,FT0000529,2024-03-02,83958.55,KES,CHEQUE,REF675191,UNMATCHED
PAY000191,ACCT0023,FT0000533,2023-12-01,493272.46,KES,MOBILE_MONEY,REF831510,MATCHED
PAY000192,ACCT0023,FT0000535,2024-08-19,427915.67,KES,ONLINE,REF761701,UNMATCHED
PAY000193,ACCT0023,FT0000539,2024-09-26,464583.46,KES,CHEQUE,REF464032,UNMATCHED
PAY000194,ACCT0024,FT0000544,2024-12-14,8105.0,KES,MOBILE_MONEY,REF943797,MATCHED
PAY000195,ACCT0024,FT0000547,2024-08-09,29282.11,KES,ONLINE,REF422823,MATCHED
PAY000196,ACCT0024,FT0000549,2022-09-18,6436.89,KES,ONLINE,REF372427,MATCHED
PAY000197,ACCT0024,FT0000551,2024-07-15,323717.75,KES,CHEQUE,REF111068,MATCHED
PAY000198,ACCT0024,FT0000553,2024-10-16,214574.16,KES,MOBILE_MONEY,REF460589,MATCHED
PAY000199,ACCT0024,FT0000556,2024-03-10,370178.52,KES,ONLINE,REF661091,MATCHED
PAY000200,ACCT0024,FT0000559,2022-12-21,327664.01,KES,ONLINE,REF892170,UNMATCHED
PAY000201,ACCT0024,FT0000562,2022-07-06,23448.27,KES,CHEQUE,REF109576,UNMATCHED
PAY000202,ACCT0024,FT0000564,2023-12-29,274081.72,KES,CHEQUE,REF726003,MATCHED
PAY000203,ACCT0024,FT0000567,2023-03-30,49276.63,KES,BANK_TRANSFER,REF674842,MATCHED
PAY000204,ACCT0024,FT0000570,2023-09-02,192871.49,KES,MOBILE_MONEY,REF531736,UNMATCHED
PAY000205,ACCT0024,FT0000572,2024-07-23,197254.35,KES,ONLINE,REF362035,MATCHED
PAY000206,ACCT0025,FT0000575,2024-04-04,171291.67,KES,ONLINE,REF968668,UNMATCHED
PAY000207,ACCT0025,FT0000578,2022-12-15,286163.15,KES,MOBILE_MONEY,REF375754,MATCHED
PAY000208,ACCT0025,FT0000580,2022-09-28,455810.87,KES,ONLINE,REF755698,MATCHED
PAY000209,ACCT0025,FT0000582,2025-01-16,84849.49,KES,CHEQUE,REF398505,MATCHED
PAY000210,ACCT0025,FT0000586,2024-06-13,29416.13,KES,ONLINE,REF297132,MATCHED
PAY000211,ACCT0025,FT0000589,2023-02-19,128670.25,KES,MOBILE_MONEY,REF243260,MATCHED
PAY000212,ACCT0025,FT0000593,2024-04-10,230131.96,KES,BANK_TRANSFER,REF767830,UNMATCHED
PAY000213,ACCT0025,FT0000595,2024-07-08,174906.53,KES,ONLINE,REF385353,UNMATCHED
PAY000214,ACCT0026,FT0000599,2022-04-14,181353.58,KES,MOBILE_MONEY,REF436219,MATCHED
PAY000215,ACCT0026,FT0000602,2023-11-04,188238.78,KES,MOBILE_MONEY,REF152042,MATCHED
PAY000216,ACCT0026,FT0000606,2024-02-22,287737.96,KES,MOBILE_MONEY,REF207241,MATCHED
PAY000217,ACCT0026,FT0000608,2023-06-17,103790.76,KES,CHEQUE,REF231113,UNMATCHED
PAY000218,ACCT0026,FT0000610,2022-11-16,77890.56,KES,BANK_TRANSFER,REF344119,MATCHED
PAY000219,ACCT0026,FT0000612,2024-09-17,138408.2,KES,MOBILE_MONEY,REF115440,UNMATCHED
PAY000220,ACCT0026,FT0000615,2024-03-03,112458.3,KES,MOBILE_MONEY,REF458521,UNMATCHED
PAY000221,ACCT0026,FT0000617,2022-06-07,81931.67,KES,CHEQUE,REF923892,UNMATCHED
PAY000222,ACCT0026,FT0000619,2022-10-16,85967.87,KES,CHEQUE,REF586208,MATCHED
PAY000223,ACCT0026,FT0000621,2023-02-16,341575.65,KES,CHEQUE,REF184120,MATCHED
PAY000224,ACCT0026,FT0000625,2023-06-04,406135.02,KES,BANK_TRANSFER,REF379449,UNMATCHED
PAY000225,ACCT0027,FT0000627,2022-04-04,61702.55,KES,BANK_TRANSFER,REF669578,UNMATCHED
PAY000226,ACCT0027,FT0000629,2022-01-01,245881.29,KES,MOBILE_MONEY,REF301528,MATCHED
PAY000227,ACCT0027,FT0000632,2022-09-12,192313.7,KES,ONLINE,REF968485,MATCHED
PAY000228,ACCT0027,FT0000635,2023-03-18,98919.16,KES,BANK_TRANSFER,REF905459,MATCHED
PAY000229,ACCT0027,FT0000638,2022-03-20,213242.53,KES,ONLINE,REF908688,UNMATCHED
PAY000230,ACCT0028,FT0000642,2024-08-14,478730.89,KES,MOBILE_MONEY,REF873449,MATCHED
PAY000231,ACCT0028,FT0000644,2022-05-05,29600.67,KES,MOBILE_MONEY,REF583220,MATCHED
PAY000232,ACCT0028,FT0000648,2022-11-11,195412.65,KES,MOBILE_MONEY,REF595793,UNMATCHED
PAY000233,ACCT0028,FT0000650,2022-06-25,350734.16,KES,CHEQUE,REF438756,MATCHED
PAY000234,ACCT0028,FT0000653,2024-04-22,31680.94,KES,BANK_TRANSFER,REF880900,MATCHED
PAY000235,ACCT0028,FT0000656,2023-10-06,250203.53,KES,CHEQUE,REF604605,MATCHED
PAY000236,ACCT0028,FT0000658,2024-03-11,188280.57,KES,MOBILE_MONEY,REF477934,MATCHED
PAY000237,ACCT0028,FT0000660,2024-10-21,30128.87,KES,MOBILE_MONEY,REF218414,MATCHED
PAY000238,ACCT0028,FT0000662,2023-07-20,81382.07,KES,ONLINE,REF440277,MATCHED
PAY000239,ACCT0028,FT0000664,2024-12-06,42180.93,KES,MOBILE_MONEY,REF932978,MATCHED
PAY000240,ACCT0028,FT0000666,2023-06-08,10004.89,KES,BANK_TRANSFER,REF515035,MATCHED
PAY000241,ACCT0029,FT0000668,2023-07-18,158215.33,KES,BANK_TRANSFER,REF144033,UNMATCHED
PAY000242,ACCT0029,FT0000670,2024-03-31,27334.58,KES,MOBILE_MONEY,REF489439,MATCHED
PAY000243,ACCT0029,FT0000673,2022-06-26,116761.32,KES,MOBILE_MONEY,REF265358,UNMATCHED
PAY000244,ACCT0029,FT0000675,2023-05-12,282451.73,KES,BANK_TRANSFER,REF819265,MATCHED
PAY000245,ACCT0030,FT0000678,2023-09-12,512245.22,KES,BANK_TRANSFER,REF162678,MATCHED
PAY000246,ACCT0030,FT0000680,2023-07-29,440991.63,KES,MOBILE_MONEY,REF835395,MATCHED
PAY000247,ACCT0030,FT0000683,2023-04-10,48149.78,KES,MOBILE_MONEY,REF611540,MATCHED
PAY000248,ACCT0030,FT0000687,2022-10-05,411193.19,KES,CHEQUE,REF685472,MATCHED
PAY000249,ACCT0030,FT0000689,2024-03-11,53154.08,KES,ONLINE,REF868804,MATCHED
PAY000250,ACCT0030,FT0000692,2024-02-28,323879.01,KES,BANK_TRANSFER,REF822730,UNMATCHED
PAY000251,ACCT0030,FT0000695,2024-07-15,341943.64,KES,CHEQUE,REF859587,MATCHED
PAY000252,ACCT0030,FT0000697,2022-12-23,309955.77,KES,CHEQUE,REF141406,UNMATCHED
PAY000253,ACCT0031,FT0000701,2023-09-15,120619.1,KES,ONLINE,REF686179,MATCHED
PAY000254,ACCT0031,FT0000704,2023-10-16,370916.29,KES,ONLINE,REF298994,MATCHED
PAY000255,ACCT0031,FT0000706,2024-06-26,131227.84,KES,CHEQUE,REF439403,UNMATCHED
PAY000256,ACCT0031,FT0000708,2023-02-13,311349.17,KES,CHEQUE,REF971733,MATCHED
PAY000257,ACCT0031,FT0000710,2024-08-15,4804.3,KES,BANK_TRANSFER,REF656937,MATCHED
PAY000258,ACCT0031,FT0000713,2022-12-30,303715.72,KES,ONLINE,REF410035,MATCHED
PAY000259,ACCT0031,FT0000716,2023-04-26,354221.96,KES,CHEQUE,REF576136,MATCHED
PAY000260,ACCT0031,FT0000718,2022-05-16,418551.83,KES,ONLINE,REF869295,MATCHED
PAY000261,ACCT0031,FT0000720,2023-03-16,204401.43,KES,BANK_TRANSFER,REF749838,MATCHED
PAY000262,ACCT0031,FT0000722,2023-12-09,261516.88,KES,MOBILE_MONEY,REF436272,MATCHED
PAY000263,ACCT0031,FT0000724,2023-11-12,258564.86,KES,ONLINE,REF299092,UNMATCHED
PAY000264,ACCT0032,FT0000727,2023-09-29,187352.11,KES,MOBILE_MONEY,REF742818,MATCHED
PAY000265,ACCT0032,FT0000730,2024-06-04,253812.13,KES,CHEQUE,REF529711,MATCHED
PAY000266,ACCT0032,FT0000733,2023-11-24,238256.28,KES,BANK_TRANSFER,REF200932,MATCHED
PAY000267,ACCT0032,FT0000735,2024-07-28,240586.2,KES,BANK_TRANSFER,REF975763,MATCHED
PAY000268,ACCT0032,FT0000739,2023-05-20,448724.91,KES,MOBILE_MONEY,REF132792,MATCHED
PAY000269,ACCT0033,FT0000741,2023-12-03,413051.09,KES,BANK_TRANSFER,REF608947,MATCHED
PAY000270,ACCT0033,FT0000747,2023-02-27,163510.4,KES,BANK_TRANSFER,REF133362,UNMATCHED
PAY000271,ACCT0033,FT0000750,2024-04-14,366272.09,KES,ONLINE,REF651363,MATCHED
PAY000272,ACCT0033,FT0000752,2022-08-19,238393.27,KES,BANK_TRANSFER,REF484150,MATCHED
PAY000273,ACCT0033,FT0000755,2024-03-06,322458.88,KES,BANK_TRANSFER,REF113721,MATCHED
PAY000274,ACCT0033,FT0000757,2022-02-19,286713.82,KES,ONLINE,REF972496,MATCHED
PAY000275,ACCT0033,FT0000759,2023-08-13,201449.21,KES,ONLINE,REF939930,MATCHED
PAY000276,ACCT0033,FT0000762,2022-12-11,443336.67,KES,CHEQUE,REF685126,UNMATCHED
PAY000277,ACCT0033,FT0000765,2023-07-12,60895.95,KES,CHEQUE,REF932831,MATCHED
PAY000278,ACCT0033,FT0000767,2024-09-06,314377.47,KES,CHEQUE,REF654718,MATCHED
PAY000279,ACCT0033,FT0000769,2023-09-14,59403.11,KES,BANK_TRANSFER,REF974991,MATCHED
PAY000280,ACCT0033,FT0000771,2024-01-05,31492.82,KES,BANK_TRANSFER,REF326387,MATCHED
PAY000281,ACCT0033,FT0000774,2022-06-28,9503.62,KES,BANK_TRANSFER,REF860397,MATCHED
PAY000282,ACCT0033,FT0000776,2024-10-07,116385.04,KES,ONLINE,REF298663,MATCHED
PAY000283,ACCT0034,FT0000779,2022-09-06,212132.45,KES,MOBILE_MONEY,REF697717,MATCHED
PAY000284,ACCT0034,FT0000782,2022-05-16,351678.79,KES,ONLINE,REF882351,MATCHED
PAY000285,ACCT0034,FT0000785,2023-09-02,268252.55,KES,CHEQUE,REF807256,UNMATCHED
PAY000286,ACCT0034,FT0000789,2022-06-01,67465.32,KES,ONLINE,REF209159,MATCHED
PAY000287,ACCT0035,FT0000791,2024-01-03,8716.77,KES,MOBILE_MONEY,REF676680,UNMATCHED
PAY000288,ACCT0035,FT0000793,2024-04-19,187368.45,KES,CHEQUE,REF789472,MATCHED
PAY000289,ACCT0035,FT0000795,2023-12-18,39830.51,KES,ONLINE,REF469438,MATCHED
PAY000290,ACCT0035,FT0000798,2023-01-07,339174.9,KES,CHEQUE,REF985893,MATCHED
PAY000291,ACCT0035,FT0000800,2024-08-16,314480.95,KES,ONLINE,REF901305,UNMATCHED
PAY000292,ACCT0035,FT0000805,2024-12-09,167881.22,KES,CHEQUE,REF737967,MATCHED
PAY000293,ACCT0035,FT0000807,2022-04-16,462341.69,KES,MOBILE_MONEY,REF493282,MATCHED
PAY000294,ACCT0036,FT0000811,2022-09-17,254809.78,KES,CHEQUE,REF574379,UNMATCHED
PAY000295,ACCT0036,FT0000814,2022-02-10,91991.91,KES,ONLINE,REF100205,MATCHED
PAY000296,ACCT0036,FT0000818,2023-10-16,227505.35,KES,CHEQUE,REF724702,MATCHED
PAY000297,ACCT0036,FT0000820,2024-05-03,100789.54,KES,MOBILE_MONEY,REF416503,MATCHED
PAY000298,ACCT0036,FT0000823,2022-09-30,192772.51,KES,CHEQUE,REF332665,MATCHED
PAY000299,ACCT0036,FT0000825,2023-05-24,122915.22,KES,CHEQUE,REF122755,MATCHED
PAY000300,ACCT0036,FT0000827,2022-04-07,120983.85,KES,MOBILE_MONEY,REF198867,MATCHED
PAY000301,ACCT0036,FT0000832,2023-08-18,244136.06,KES,ONLINE,REF472932,MATCHED
PAY000302,ACCT0036,FT0000834,2023-09-16,298506.01,KES,MOBILE_MONEY,REF377860,MATCHED
PAY000303,ACCT0036,FT0000836,2024-05-03,324875.44,KES,MOBILE_MONEY,REF344312,MATCHED
PAY000304,ACCT0036,FT0000839,2023-03-26,27280.58,KES,CHEQUE,REF196369,UNMATCHED
PAY000305,ACCT0036,FT0000842,2024-06-21,316667.71,KES,MOBILE_MONEY,REF869933,MATCHED
PAY000306,ACCT0036,FT0000844,2022-12-15,321618.29,KES,CHEQUE,REF931420,UNMATCHED
PAY000307,ACCT0037,FT0000849,2022-10-21,222562.78,KES,MOBILE_MONEY,REF611994,MATCHED
PAY000308,ACCT0037,FT0000852,2024-12-12,136635.98,KES,CHEQUE,REF139186,UNMATCHED
PAY000309,ACCT0037,FT0000855,2022-12-21,291691.99,KES,BANK_TRANSFER,REF918017,MATCHED
PAY000310,ACCT0037,FT0000858,2024-05-24,488522.82,KES,CHEQUE,REF464831,UNMATCHED
PAY000311,ACCT0037,FT0000860,2023-03-05,48950.79,KES,ONLINE,REF226395,MATCHED
PAY000312,ACCT0037,FT0000863,2024-09-22,234162.45,KES,BANK_TRANSFER,REF764678,UNMATCHED
PAY000313,ACCT0037,FT0000868,2022-04-18,225923.85,KES,BANK_TRANSFER,REF419588,MATCHED
PAY000314,ACCT0037,FT0000870,2023-06-19,14342.43,KES,CHEQUE,REF666157,MATCHED
PAY000315,ACCT0037,FT0000872,2022-12-27,176701.62,KES,CHEQUE,REF626806,MATCHED
PAY000316,ACCT0037,FT0000876,2024-11-01,324110.52,KES,MOBILE_MONEY,REF152973,UNMATCHED
PAY000317,ACCT0037,FT0000878,2024-08-08,84664.73,KES,ONLINE,REF889410,MATCHED
PAY000318,ACCT0037,FT0000880,2024-12-04,427430.51,KES,MOBILE_MONEY,REF552917,MATCHED
PAY000319,ACCT0038,FT0000883,2022-07-12,401120.7,KES,ONLINE,REF255202,MATCHED
PAY000320,ACCT0038,FT0000888,2024-11-21,174065.95,KES,CHEQUE,REF186554,UNMATCHED
PAY000321,ACCT0038,FT0000890,2023-06-15,87546.02,KES,BANK_TRANSFER,REF674779,UNMATCHED
PAY000322,ACCT0038,FT0000893,2024-08-22,166478.53,KES,CHEQUE,REF189211,UNMATCHED
PAY000323,ACCT0038,FT0000895,2024-04-07,217020.76,KES,ONLINE,REF911414,MATCHED
PAY000324,ACCT0038,FT0000897,2024-02-05,43068.23,KES,MOBILE_MONEY,REF604283,MATCHED
PAY000325,ACCT0038,FT0000899,2023-12-09,136770.15,KES,ONLINE,REF514521,MATCHED
PAY000326,ACCT0039,FT0000901,2024-09-14,324124.15,KES,MOBILE_MONEY,REF354085,MATCHED
PAY000327,ACCT0039,FT0000905,2023-01-01,406175.51,KES,CHEQUE,REF914504,UNMATCHED
PAY000328,ACCT0039,FT0000908,2023-11-06,506601.95,KES,CHEQUE,REF817999,MATCHED
PAY000329,ACCT0039,FT0000910,2023-03-14,185500.72,KES,BANK_TRANSFER,REF804378,UNMATCHED
PAY000330,ACCT0039,FT0000913,2023-11-16,42779.66,KES,ONLINE,REF483010,MATCHED
PAY000331,ACCT0039,FT0000917,2022-06-03,114273.8,KES,MOBILE_MONEY,REF436318,MATCHED
PAY000332,ACCT0039,FT0000919,2023-01-25,286625.85,KES,BANK_TRANSFER,REF907069,MATCHED
PAY000333,ACCT0039,FT0000922,2022-10-31,533722.46,KES,MOBILE_MONEY,REF466704,UNMATCHED
PAY000334,ACCT0039,FT0000924,2023-12-04,249868.47,KES,MOBILE_MONEY,REF561859,MATCHED
PAY000335,ACCT0040,FT0000928,2024-11-06,46801.98,KES,MOBILE_MONEY,REF309385,MATCHED
PAY000336,ACCT0040,FT0000930,2023-05-17,408044.99,KES,MOBILE_MONEY,REF894541,MATCHED
PAY000337,ACCT0040,FT0000933,2023-07-17,340231.8,KES,BANK_TRANSFER,REF875507,MATCHED
PAY000338,ACCT0040,FT0000935,2023-09-14,247703.34,KES,MOBILE_MONEY,REF751168,MATCHED
PAY000339,ACCT0040,FT0000940,2022-03-03,446698.47,KES,CHEQUE,REF114400,MATCHED
PAY000340,ACCT0040,FT0000942,2023-02-03,360436.64,KES,BANK_TRANSFER,REF419939,UNMATCHED
PAY000341,ACCT0040,FT0000944,2024-09-12,297779.32,KES,ONLINE,REF123853,MATCHED
PAY000342,ACCT0040,FT0000946,2023-06-06,57756.5,KES,MOBILE_MONEY,REF875959,MATCHED
PAY000343,ACCT0040,FT0000948,2023-04-17,498880.08,KES,MOBILE_MONEY,REF672967,MATCHED
PAY000344,ACCT0040,FT0000950,2022-06-05,337392.26,KES,ONLINE,REF753306,MATCHED
PAY000345,ACCT0040,FT0000953,2022-12-10,197399.27,KES,BANK_TRANSFER,REF494900,MATCHED
PAY000346,ACCT0040,FT0000955,2022-02-19,271882.93,KES,CHEQUE,REF278593,MATCHED
PAY000347,ACCT0040,FT0000958,2023-03-04,127876.65,KES,CHEQUE,REF310445,MATCHED
PAY000348,ACCT0041,FT0000960,2023-06-18,160203.89,KES,BANK_TRANSFER,REF587546,MATCHED
PAY000349,ACCT0041,FT0000963,2024-03-16,123230.29,KES,BANK_TRANSFER,REF507523,MATCHED
PAY000350,ACCT0041,FT0000965,2022-11-19,111503.21,KES,CHEQUE,REF213132,MATCHED
PAY000351,ACCT0041,FT0000967,2024-11-14,129478.02,KES,CHEQUE,REF780956,UNMATCHED
PAY000352,ACCT0041,FT0000969,2022-03-04,177325.62,KES,MOBILE_MONEY,REF499194,MATCHED
PAY000353,ACCT0041,FT0000971,2023-02-03,92444.44,KES,CHEQUE,REF608205,MATCHED
PAY000354,ACCT0042,FT0000977,2022-09-06,87336.05,KES,MOBILE_MONEY,REF308535,UNMATCHED
PAY000355,ACCT0042,FT0000979,2022-03-14,71495.34,KES,BANK_TRANSFER,REF141683,MATCHED
PAY000356,ACCT0042,FT0000982,2023-05-12,403006.15,KES,CHEQUE,REF449773,UNMATCHED
PAY000357,ACCT0042,FT0000987,2023-09-09,91810.2,KES,ONLINE,REF880550,MATCHED
PAY000358,ACCT0042,FT0000989,2023-03-24,259740.84,KES,BANK_TRANSFER,REF463625,MATCHED
PAY000359,ACCT0042,FT0000991,2022-06-22,114352.1,KES,CHEQUE,REF755602,MATCHED
PAY000360,ACCT0042,FT0000993,2024-08-11,399795.04,KES,MOBILE_MONEY,REF625600,MATCHED
PAY000361,ACCT0042,FT0000996,2023-07-17,274367.91,KES,BANK_TRANSFER,REF756190,MATCHED
PAY000362,ACCT0042,FT0000999,2023-01-07,427611.61,KES,ONLINE,REF954441,MATCHED
PAY000363,ACCT0043,FT0001002,2024-07-20,208550.16,KES,CHEQUE,REF336540,MATCHED
PAY000364,ACCT0043,FT0001004,2023-11-08,147077.07,KES,CHEQUE,REF511929,MATCHED
PAY000365,ACCT0043,FT0001008,2023-08-04,294971.18,KES,BANK_TRANSFER,REF865344,UNMATCHED
PAY000366,ACCT0043,FT0001010,2022-11-30,542020.0,KES,MOBILE_MONEY,REF537605,MATCHED
PAY000367,ACCT0043,FT0001013,2024-03-21,49141.12,KES,MOBILE_MONEY,REF547180,MATCHED
PAY000368,ACCT0043,FT0001016,2023-11-01,366018.99,KES,CHEQUE,REF570988,MATCHED
PAY000369,ACCT0043,FT0001018,2024-05-28,52319.95,KES,MOBILE_MONEY,REF784167,MATCHED
PAY000370,ACCT0043,FT0001020,2023-06-01,17136.7,KES,MOBILE_MONEY,REF244818,MATCHED
PAY000371,ACCT0043,FT0001022,2022-07-17,134593.63,KES,MOBILE_MONEY,REF550955,MATCHED
PAY000372,ACCT0043,FT0001024,2022-11-07,128103.65,KES,MOBILE_MONEY,REF432918,MATCHED
PAY000373,ACCT0043,FT0001027,2022-05-04,385367.48,KES,BANK_TRANSFER,REF293079,MATCHED
PAY000374,ACCT0043,FT0001029,2023-04-23,518082.47,KES,MOBILE_MONEY,REF862398,MATCHED
PAY000375,ACCT0043,FT0001033,2022-09-08,87935.86,KES,CHEQUE,REF534152,UNMATCHED
PAY000376,ACCT0043,FT0001037,2024-08-25,11080.09,KES,CHEQUE,REF564523,MATCHED
PAY000377,ACCT0044,FT0001043,2022-07-14,172266.25,KES,MOBILE_MONEY,REF916953,MATCHED
PAY000378,ACCT0044,FT0001045,2023-06-08,67005.94,KES,BANK_TRANSFER,REF237935,MATCHED
PAY000379,ACCT0044,FT0001047,2024-12-17,63614.83,KES,BANK_TRANSFER,REF899484,MATCHED
PAY000380,ACCT0044,FT0001049,2024-07-17,351927.47,KES,MOBILE_MONEY,REF725329,MATCHED
PAY000381,ACCT0044,FT0001052,2023-11-21,24058.03,KES,MOBILE_MONEY,REF820767,MATCHED
PAY000382,ACCT0045,FT0001056,2023-12-01,352068.68,KES,CHEQUE,REF183336,UNMATCHED
PAY000383,ACCT0045,FT0001058,2024-05-04,366594.6,KES,MOBILE_MONEY,REF626725,UNMATCHED
PAY000384,ACCT0045,FT0001061,2022-07-10,214678.83,KES,CHEQUE,REF292913,UNMATCHED
PAY000385,ACCT0045,FT0001064,2023-12-08,512287.79,KES,ONLINE,REF596864,MATCHED
PAY000386,ACCT0045,FT0001066,2024-04-13,18445.26,KES,MOBILE_MONEY,REF302647,MATCHED
PAY000387,ACCT0045,FT0001068,2022-11-22,389952.42,KES,BANK_TRANSFER,REF528436,MATCHED
PAY000388,ACCT0045,FT0001070,2024-10-01,291119.76,KES,CHEQUE,REF533108,MATCHED
PAY000389,ACCT0045,FT0001073,2023-01-31,19019.08,KES,MOBILE_MONEY,REF894586,MATCHED
PAY000390,ACCT0045,FT0001075,2024-07-18,27108.05,KES,BANK_TRANSFER,REF285679,UNMATCHED
PAY000391,ACCT0046,FT0001078,2023-04-03,277452.67,KES,ONLINE,REF821276,MATCHED
PAY000392,ACCT0046,FT0001081,2022-07-03,207613.71,KES,ONLINE,REF358771,UNMATCHED
PAY000393,ACCT0046,FT0001083,2024-06-15,229711.88,KES,ONLINE,REF913920,MATCHED
PAY000394,ACCT0046,FT0001085,2024-05-24,357928.16,KES,ONLINE,REF855185,MATCHED
PAY000395,ACCT0046,FT0001087,2024-10-11,268437.94,KES,ONLINE,REF741209,MATCHED
PAY000396,ACCT0046,FT0001093,2025-01-20,360369.7,KES,BANK_TRANSFER,REF573546,UNMATCHED
PAY000397,ACCT0046,FT0001096,2023-03-08,25307.95,KES,BANK_TRANSFER,REF357657,UNMATCHED
PAY000398,ACCT0047,FT0001103,2022-07-19,412260.43,KES,BANK_TRANSFER,REF684791,UNMATCHED
PAY000399,ACCT0047,FT0001107,2024-09-19,278203.75,KES,BANK_TRANSFER,REF299072,MATCHED
PAY000400,ACCT0047,FT0001110,2023-03-21,253349.71,KES,ONLINE,REF517375,MATCHED
PAY000401,ACCT0047,FT0001112,2023-09-17,215739.36,KES,CHEQUE,REF583757,MATCHED
PAY000402,ACCT0047,FT0001114,2023-11-07,223042.06,KES,ONLINE,REF408721,MATCHED
PAY000403,ACCT0048,FT0001120,2023-08-21,274509.31,KES,MOBILE_MONEY,REF586097,UNMATCHED
PAY000404,ACCT0048,FT0001122,2023-06-20,21189.58,KES,BANK_TRANSFER,REF857750,MATCHED
PAY000405,ACCT0048,FT0001124,2022-11-09,181120.03,KES,MOBILE_MONEY,REF916558,MATCHED
PAY000406,ACCT0048,FT0001126,2024-04-15,197459.88,KES,ONLINE,REF533648,MATCHED
PAY000407,ACCT0048,FT0001128,2022-02-13,266118.99,KES,ONLINE,REF126122,MATCHED
PAY000408,ACCT0048,FT0001130,2023-12-03,207216.36,KES,ONLINE,REF718990,MATCHED
PAY000409,ACCT0048,FT0001133,2024-02-01,136831.83,KES,ONLINE,REF194560,MATCHED
PAY000410,ACCT0049,FT0001135,2022-04-03,256421.14,KES,CHEQUE,REF825318,MATCHED
PAY000411,ACCT0049,FT0001137,2022-11-04,29043.42,KES,BANK_TRANSFER,REF195620,MATCHED
PAY000412,ACCT0049,FT0001139,2023-09-19,308995.44,KES,ONLINE,REF764873,MATCHED
PAY000413,ACCT0049,FT0001142,2023-09-11,7181.2,KES,BANK_TRANSFER,REF649262,UNMATCHED
PAY000414,ACCT0049,FT0001144,2023-05-21,332190.18,KES,MOBILE_MONEY,REF497073,UNMATCHED
PAY000415,ACCT0049,FT0001146,2024-03-21,285167.03,KES,BANK_TRANSFER,REF905579,MATCHED
PAY000416,ACCT0049,FT0001148,2023-07-13,234340.14,KES,CHEQUE,REF692960,MATCHED
PAY000417,ACCT0050,FT0001153,2024-12-17,128782.91,KES,MOBILE_MONEY,REF251631,MATCHED
PAY000418,ACCT0050,FT0001155,2022-01-08,150556.77,KES,BANK_TRANSFER,REF539963,MATCHED
PAY000419,ACCT0050,FT0001161,2023-09-09,272314.32,KES,CHEQUE,REF865630,UNMATCHED
PAY000420,ACCT0050,FT0001163,2024-01-20,374609.87,KES,CHEQUE,REF756883,MATCHED
PAY000421,ACCT0050,FT0001166,2024-07-01,160126.39,KES,BANK_TRANSFER,REF237962,MATCHED
PAY000422,ACCT0050,FT0001168,2024-09-17,172800.47,KES,BANK_TRANSFER,REF752801,MATCHED
PAY000423,ACCT0050,FT0001170,2022-04-11,168987.28,KES,BANK_TRANSFER,REF580921,UNMATCHED
PAY000424,ACCT0050,FT0001173,2024-04-04,51883.24,KES,ONLINE,REF669902,MATCHED
PAY000425,ACCT0050,FT0001175,2023-06-19,412563.47,KES,ONLINE,REF349433,MATCHED
PAY000426,ACCT0050,FT0001177,2024-02-23,110007.14,KES,ONLINE,REF575779,UNMATCHED
PAY000427,ACCT0050,FT0001181,2022-04-06,263731.73,KES,ONLINE,REF183262,MATCHED
PAY000428,ACCT0050,FT0001183,2024-10-21,329886.77,KES,MOBILE_MONEY,REF673929,MATCHED
